id,first_name,last_name,pos,team,age,rank,floor_rank,ceiling_rank,pos_rank,overall_ecr,pos_ecr,sd_ecr,adp,adp_sd,adp_diff,dropoff,pff_rank,pff_tiers,pff_posrank,dist,name
13116,Patrick,Mahomes,QB,KCC,28,13,13,13,1,28.48,1.77,0.89,14.466666666666667,4.333773054612907,-1.4666666666666668,4.80600000000004,24,3,QB1,,Patrick Mahomes
14783,Jalen,Hurts,QB,PHI,25,16,16,16,2,29.48,2.15,0.93,20.033333333333335,4.878605219618502,-4.033333333333335,6.072000000000003,27,3,QB2,,Jalen Hurts
13589,Josh,Allen,QB,BUF,27,17,17,17,3,29.9,2.37,0.98,19.345,4.0065810445648875,-2.344999999999999,24.45799999999997,28,4,QB3,,Josh Allen
13593,Lamar,Jackson,QB,BAL,26,29,29,29,4,42.06,4.53,1.53,35.348333333333336,6.4592838010279605,-6.348333333333336,2.490000000000009,38,4,QB4,,Lamar Jackson
14777,Joe,Burrow,QB,CIN,27,30,30,30,5,49.06,5.61,1.05,36.288333333333334,6.026301841833754,-6.288333333333334,20.293999999999983,44,5,QB5,,Joe Burrow
15238,Justin,Fields,QB,CHI,24,52,52,52,6,51.69,5.91,1.38,46.015,5.098410700077688,5.984999999999999,7.362000000000023,48,5,QB6,,Justin Fields
14779,Justin,Herbert,QB,LAC,25,60,60,60,7,53.81,6.19,1.18,44.17,8.44977908981452,15.829999999999998,6.4739999999999895,53,5,QB7,,Justin Herbert
13113,Deshaun,Watson,QB,CLE,28,68,68,68,8,93.14,10.98,2.37,81.97166666666666,9.94243165539609,-13.971666666666664,12.199999999999989,90,6,QB9,,Deshaun Watson
14059,Daniel,Jones,QB,NYG,26,87,87,87,9,97.59,11.56,2.5,107.73333333333333,7.446743509003707,-20.733333333333334,2.476000000000056,94,7,QB11,,Daniel Jones
10700,Kirk,Cousins,QB,MIN,35,90,90,90,10,106.74,13,1.86,103.28166666666667,20.73711922830384,-13.281666666666666,1.5600000000000023,103,7,QB13,,Kirk Cousins
12620,Dak,Prescott,QB,DAL,30,93,93,93,11,97.78,11.73,2.3,89.84666666666666,7.553764330157219,3.153333333333336,0.6599999999999682,93,7,QB10,,Dak Prescott
15237,Trevor,Lawrence,QB,JAC,24,94,94,94,12,66.76,8.01,0.92,56.47666666666667,6.468311646446509,37.52333333333333,0.6820000000000164,66,6,QB8,,Trevor Lawrence
11150,Geno,Smith,QB,SEA,33,96,96,96,13,109.13,13.21,2.19,115.09,10.651414616534899,-19.090000000000003,7.086000000000013,107,7,QB14,,Geno Smith
7836,Aaron,Rodgers,QB,NYJ,40,120,120,120,14,126.29,15.44,2.48,101.53833333333333,14.222482690757227,18.461666666666673,5.075999999999965,123,7,QB16,,Aaron Rodgers
10703,Russell,Wilson,QB,DEN,35,136,136,136,15,147.11,18.03,2.27,136.76999999999998,9.822009298848519,-0.7699999999999818,2.3700000000000045,141,8,QB18,,Russell Wilson
14778,Tua,Tagovailoa,QB,MIA,25,141,141,141,16,103.26,12.29,2.45,93.42166666666667,10.27930999089379,47.57833333333333,2.2439999999999998,100,7,QB12,,Tua Tagovailoa
12611,Jared,Goff,QB,DET,29,145,145,145,17,135.33,16.44,1.8,120.52333333333334,10.948273329109432,24.47666666666666,8.671999999999997,131,8,QB17,,Jared Goff
16152,Anthony,Richardson,QB,IND,21,157,157,157,18,116.9,14.07,3.58,110.74333333333334,11.066637048153137,46.25666666666666,14.960000000000008,110,7,QB15,,Anthony Richardson
11644,Derek,Carr,QB,NOS,32,186,186,186,19,165.42,20.74,2.49,138.79833333333335,11.13789988682287,47.201666666666654,2.6119999999999948,152,8,QB19,,Derek Carr
15698,Brock,Purdy,QB,SFO,24,193,193,193,20,189.24,22.84,3.67,144.415,19.671311386551398,48.58500000000001,0.41399999999998727,169,9,QB23,,Brock Purdy
15692,Kenny,Pickett,QB,PIT,25,195,195,195,21,170.36,20.91,2.47,141.57833333333335,11.25860769465844,53.42166666666665,5.882000000000005,154,8,QB20,,Kenny Pickett
14782,Jordan,Love,QB,GBP,25,207,207,207,22,177.36,22.11,3.1,151.242,15.910439843071591,55.75800000000001,1.9260000000000161,159,9,QB22,,Jordan Love
9431,Matthew,Stafford,QB,LAR,35,209,209,209,23,171.12,21.6,2.52,147.63,18.0227334219868,61.370000000000005,9.26400000000001,157,9,QB21,,Matthew Stafford
16148,Bryce,Young,QB,CAR,22,219,219,219,24,208.92,25.36,2.48,150.20499999999998,26.445692938548607,68.79500000000002,1.603999999999985,187,9,QB25,,Bryce Young
11760,Jimmy,Garoppolo,QB,LVR,32,226,226,226,25,242.02,27.78,2.8,160.46666666666667,22.35055008023044,65.53333333333333,3.2960000000000207,222,10,QB28,,Jimmy Garoppolo
15241,Mac,Jones,QB,NEP,25,241,241,241,26,244.41,28.08,2.48,140.45,,100.55000000000001,6.882000000000005,228,10,QB30,,Mac Jones
10697,Ryan,Tannehill,QB,TEN,35,260,260,260,27,217.71,25.99,2.66,145.49,,114.50999999999999,1.4439999999999884,193,9,QB26,,Ryan Tannehill
15693,Sam,Howell,QB,WAS,23,268,268,268,28,204.46,24.4,3.63,150.528,17.964306165282306,117.47200000000001,0.13599999999999568,182,9,QB24,,Sam Howell
16150,C.J.,Stroud,QB,HOU,22,269,269,269,29,243.09,27.77,2.45,128.4,21.29,140.6,11.805999999999983,223,10,QB29,,C.J. Stroud
14056,Kyler,Murray,QB,ARI,26,308,308,308,30,233.79,27.82,4.1,161.208,17.099982923968078,146.792,9.128000000000014,219,10,QB27,,Kyler Murray
13590,Baker,Mayfield,QB,TBB,28,352,352,352,31,283.36,30.87,2,142.32,,209.68,0.05000000000001137,269,11,QB32,,Baker Mayfield
15697,Desmond,Ridder,QB,ATL,24,353,353,353,32,264.57,29.59,2.15,143.23,,209.77,104.42199999999998,243,10,QB31,,Desmond Ridder
13119,Joshua,Dobbs,QB,ARI,28,554,554,554,33,329,37.34,8.81,,,,17.818000000000005,375,13,QB37,,Joshua Dobbs
12616,Jacoby,Brissett,QB,WAS,31,555,555,555,34,325.17,35.2,2.35,,,,3.3179999999999907,322,12,QB33,,Jacoby Brissett
15242,Kyle,Trask,QB,TBB,25,556,556,556,35,331.09,36.58,3.29,,,,8.874000000000002,350,12,QB35,,Kyle Trask
16149,Will,Levis,QB,TEN,24,557,557,557,36,330.43,40.51,9.26,,,,5.640000000000008,351,12,QB36,,Will Levis
9714,Brian,Hoyer,QB,LVR,38,558,558,558,37,419.75,54.17,12.86,,,,1.1779999999999973,516,14,QB51,,Brian Hoyer
12476,Taylor,Heinicke,QB,ATL,30,559,559,559,38,367.89,39.32,3.83,,,,1.8099999999999952,429,13,QB43,,Taylor Heinicke
14067,Gardner,Minshew,QB,IND,27,560,560,560,39,349.96,40.29,6.93,,,,2.260000000000005,411,13,QB40,,Gardner Minshew
13592,Sam,Darnold,QB,SFO,26,561,561,561,40,342.38,37.78,4.17,,,,6.398,376,13,QB38,,Sam Darnold
13598,Mike,White,QB,MIA,28,562,562,562,41,361.5,40.15,4.56,,,,1.8919999999999995,424,13,QB42,,Mike White
15696,Bailey,Zappe,QB,FA,24,563,563,563,42,378,50.43,12.13,,,,0.30799999999999983,469,14,QB46,,Bailey Zappe
10413,Tyrod,Taylor,QB,NYG,34,564,564,564,43,493.33,53.63,6.75,,,,0.5160000000000018,590,15,QB63,,Tyrod Taylor
16153,Stetson,Bennett,QB,LAR,26,565,565,565,44,463.5,50.56,8.41,,,,0.1579999999999977,558,15,QB58,,Stetson Bennett
12141,Marcus,Mariota,QB,PHI,30,566,566,566,45,430.25,50.33,7.49,,,,1.033999999999999,537,15,QB53,,Marcus Mariota
16160,Clayton,Tune,QB,ARI,24,567,567,567,46,328.91,38.57,6.75,,,,1.1540000000000035,393,13,QB39,,Clayton Tune
14789,Tyler,Huntley,QB,BAL,25,568,568,568,47,402.6,42.57,4.64,,,,0.07199999999999918,459,14,QB45,,Tyler Huntley
15252,Davis,Mills,QB,HOU,25,570,570,570,49,464,51.06,8.96,,,,0.3760000000000012,557,15,QB57,,Davis Mills
10313,Andy,Dalton,QB,CAR,36,571,571,571,50,405.83,46.21,6.61,,,,0.8520000000000003,495,14,QB49,,Andy Dalton
16313,Sean,Clifford,QB,GBP,25,572,572,572,51,467,60.09,8.8,,,,0.5680000000000014,563,15,QB59,,Sean Clifford
14063,Jarrett,Stidham,QB,DEN,27,573,573,573,52,417.4,45.39,5.21,,,,0.5619999999999994,521,14,QB52,,Jarrett Stidham
11640,Teddy,Bridgewater,QB,DET,31,574,574,574,53,474.5,52.8,8.9,,,,0.03799999999999848,564,15,QB60,,Teddy Bridgewater
12140,Jameis,Winston,QB,NOS,29,575,575,575,54,370.13,43.91,7.34,,,,1.2759999999999998,432,13,QB44,,Jameis Winston
10262,Blaine,Gabbert,QB,KCC,34,576,576,576,55,541,61.3,9.19,,,,0.36400000000000077,609,16,QB71,,Blaine Gabbert
13124,Cooper,Rush,QB,DAL,30,577,577,577,56,486.33,58,7.56,,,,0.23599999999999888,582,15,QB62,,Cooper Rush
13968,Nick,Mullens,QB,MIN,28,578,578,578,57,503.5,60.13,8.75,,,,0.8180000000000014,596,15,QB65,,Nick Mullens
15240,Trey,Lance,QB,DAL,23,579,579,579,58,322.92,38.85,8.36,,,,0.4859999999999989,343,12,QB34,,Trey Lance
16158,Dorian,Thompson-Robinson,QB,CLE,24,580,580,580,59,456.2,56.38,11.03,,,,0.6899999999999995,538,15,QB54,,Dorian Thompson-Robinson
13125,C.J.,Beathard,QB,JAC,30,581,581,581,60,553,61.05,6.04,,,,0.03599999999999959,610,16,QB72,,C.J. Beathard
14057,Drew,Lock,QB,SEA,27,582,582,582,61,501.67,57.88,5.75,,,,1.588000000000001,594,15,QB64,,Drew Lock
15691,Matt,Corral,QB,NEP,24,584,584,584,63,532,71.07,11.7,,,,0.6099999999999994,600,16,QB67,,Matt Corral
16159,Aidan,O'Connell,QB,LVR,25,586,586,586,65,333.5,45.88,9.78,,,,0.07000000000000028,484,14,QB48,,Aidan O'Connell
15239,Zach,Wilson,QB,NYJ,24,587,587,587,66,393.43,49.48,7.11,,,,0.4720000000000013,477,14,QB47,,Zach Wilson
15694,Malik,Willis,QB,TEN,24,589,589,589,68,384,50.41,9.84,,,,1.3200000000000003,499,14,QB50,,Malik Willis
10948,Case,Keenum,QB,HOU,35,591,591,591,70,520.5,68.47,7.04,,,,0.11399999999999721,599,16,QB66,,Case Keenum
14358,Jake,Browning,QB,CIN,27,592,592,592,71,576,63.56,11.62,,,,0.33800000000000274,611,16,QB73,,Jake Browning
15702,Tanner,McKee,QB,PHI,23,596,596,596,75,535,72.17,6.87,,,,0.31799999999999695,602,16,QB69,,Tanner McKee
16151,Hendon,Hooker,QB,DET,25,597,597,597,76,416.33,63,8.27,,,,1.6100000000000043,551,15,QB56,,Hendon Hooker
16156,Jake,Haener,QB,NOS,24,599,599,599,78,533.5,74.42,5.06,,,,0,604,16,QB70,,Jake Haener
13130,Christian,McCaffrey,RB,SFO,27,1,1,1,1,2.73,1.3,0.67,2.8566666666666665,1.0154582982848461,-1.8566666666666665,5.449999999999989,2,1,RB1,,Christian McCaffrey
13404,Austin,Ekeler,RB,LAC,28,3,3,3,2,5.58,2.71,1.49,4.923333333333334,0.7423087108624162,-1.9233333333333338,25.25999999999999,4,1,RB2,,Austin Ekeler
14085,Tony,Pollard,RB,DAL,26,6,6,6,3,12.55,5.78,1.97,14.315,1.8683928030975354,-8.315,0.8600000000000421,11,2,RB6,,Tony Pollard
12626,Derrick,Henry,RB,TEN,29,7,7,7,4,15.24,6.83,1.47,14.658333333333333,3.543963960815002,-7.658333333333333,1.1199999999999477,16,2,RB7,,Derrick Henry
13610,Nick,Chubb,RB,CLE,28,8,8,8,5,8.78,4.1,1.52,9.745000000000001,3.916157768357484,-1.745000000000001,1.9300000000000352,8,2,RB4,,Nick Chubb
13604,Saquon,Barkley,RB,NYG,26,9,9,9,6,10.24,4.82,1.46,10.473333333333333,1.6532157216232315,-1.4733333333333327,3.3799999999999955,9,2,RB5,,Saquon Barkley
16161,Bijan,Robinson,RB,ATL,21,11,11,11,7,8.03,3.86,1.67,8.32,1.8193222181167725,2.6799999999999997,0.07999999999998408,7,2,RB3,,Bijan Robinson
14073,Josh,Jacobs,RB,LVR,25,12,12,12,8,17.53,7.75,1.85,17.036666666666665,2.5057977217289946,-5.036666666666665,20.409999999999997,18,3,RB8,,Josh Jacobs
13131,Joe,Mixon,RB,CIN,27,20,20,20,9,26.27,10.87,2.82,30.816666666666666,6.13672460591877,-10.816666666666666,4.159999999999997,22,3,RB9,,Joe Mixon
13319,Aaron,Jones,RB,GBP,29,21,21,21,10,35.89,14.04,3.12,36.281666666666666,3.3409001614668004,-15.281666666666666,8.180000000000007,35,4,RB14,,Aaron Jones
15259,Rhamondre,Stevenson,RB,NEP,25,22,22,22,11,27.18,11.12,2.55,31.27,4.513627513800106,-9.27,4.210000000000008,23,3,RB10,,Rhamondre Stevenson
15254,Najee,Harris,RB,PIT,25,26,26,26,12,31.24,12.62,3.42,29.236666666666668,3.990332762509357,-3.236666666666668,4.430000000000007,30,4,RB11,,Najee Harris
13146,James,Conner,RB,ARI,28,31,31,31,14,59.04,22.34,3.86,60.08166666666666,9.309676715952898,-29.081666666666663,0.28000000000000114,61,5,RB22,,James Conner
14223,Alexander,Mattison,RB,MIN,25,32,32,32,15,50.93,19.36,5.19,54.48166666666667,12.130745259692642,-22.48166666666667,1.9399999999999977,47,5,RB19,,Alexander Mattison
15711,Kenneth,Walker III,RB,SEA,23,35,35,35,16,46.61,17.82,3.69,41.64666666666667,5.772575007933827,-6.646666666666668,3.0800000000000125,40,5,RB15,,Kenneth Walker III
16162,Jahmyr,Gibbs,RB,DET,21,36,36,36,17,32.77,13.14,3.44,33.11833333333333,4.041647422634598,2.8816666666666677,1.4699999999999989,31,4,RB12,,Jahmyr Gibbs
15717,Dameon,Pierce,RB,HOU,23,37,37,37,18,47.51,18.07,4.67,44.275,11.178921757784455,-7.274999999999999,6.789999999999992,42,5,RB16,,Dameon Pierce
15708,Breece,Hall,RB,NYJ,22,42,42,42,19,48.06,18.25,4.97,43.01166666666667,10.221218806428562,-1.0116666666666703,0.8100000000000023,43,5,RB17,,Breece Hall
14079,Miles,Sanders,RB,CAR,26,43,43,43,20,50.17,19.21,4.03,51.90833333333333,4.988130634037386,-8.908333333333331,0.9300000000000068,45,5,RB18,,Miles Sanders
14800,J.K.,Dobbins,RB,BAL,25,45,45,45,21,52.86,20.01,4.86,49.531666666666666,12.254052957649929,-4.531666666666666,1.1399999999999864,50,5,RB20,,J.K. Dobbins
15721,Rachaad,White,RB,TBB,24,47,47,47,22,64.91,24.19,3.73,73.01,12.47512591786819,-26.010000000000005,5.52000000000001,65,5,RB24,,Rachaad White
15749,Isiah,Pacheco,RB,KCC,24,54,54,54,23,76.88,28.44,3.88,68.865,7.975921576846152,-14.864999999999995,1.1200000000000045,79,6,RB29,,Isiah Pacheco
14799,Cam,Akers,RB,LAR,24,56,56,56,24,55.49,21.05,4.48,58.185,7.65032188865279,-2.1850000000000023,0.23999999999998067,54,5,RB21,,Cam Akers
14071,David,Montgomery,RB,DET,26,57,57,57,25,68.58,25.57,4.61,75.43333333333334,18.237429156057665,-18.433333333333337,0.9400000000000261,69,6,RB25,,David Montgomery
15715,James,Cook,RB,BUF,24,59,59,59,26,65.19,24.36,4.84,70.74333333333334,13.954460059620923,-11.74333333333334,3.719999999999999,64,5,RB23,,James Cook
14802,Jonathan,Taylor,RB,IND,24,61,61,61,27,68.82,25.73,7.5,34.84833333333333,17.117760189022654,26.15166666666667,0.1799999999999784,71,6,RB27,,Jonathan Taylor
15256,Javonte,Williams,RB,DEN,23,62,62,62,28,69.32,25.65,5.35,70.23166666666667,12.232494181028205,-8.23166666666667,2.5,70,6,RB26,,Javonte Williams
13132,Alvin,Kamara,RB,NOS,28,66,66,66,29,70.28,26.14,4.69,72.05166666666666,7.869532846505072,-6.051666666666662,12.600000000000023,72,6,RB28,,Alvin Kamara
14797,D'Andre,Swift,RB,PHI,24,79,79,79,30,80.47,29.58,5.17,76.07000000000001,8.852702035725216,2.9299999999999926,0.9299999999999784,82,6,RB31,,D'Andre Swift
14805,AJ,Dillon,RB,GBP,25,81,81,81,31,93.67,34.28,3.31,93.9,9.004711729607639,-12.900000000000006,0.3300000000000125,92,7,RB35,,AJ Dillon
13128,Dalvin,Cook,RB,NYJ,28,82,82,82,32,79.51,29.26,5.23,69.83166666666666,4.228421362899186,12.168333333333337,0.4000000000000057,81,6,RB30,,Dalvin Cook
15271,Khalil,Herbert,RB,CHI,25,85,85,85,33,86.45,31.66,4.93,87.95166666666667,14.31895528855215,-2.951666666666668,5.340000000000003,84,6,RB32,,Khalil Herbert
12447,Raheem,Mostert,RB,MIA,31,95,95,95,34,118.72,41.75,6.61,117.94333333333333,15.212131854396857,-22.943333333333328,0.3699999999999761,114,7,RB39,,Raheem Mostert
14852,Antonio,Gibson,RB,WAS,25,98,98,98,36,91.21,33.36,3.51,105.81666666666666,16.45123771095118,-7.816666666666663,3.2700000000000102,88,6,RB33,,Antonio Gibson
13133,Samaje,Perine,RB,DEN,28,109,109,109,37,104.04,37.83,4.49,115.93,9.603331019321717,-6.930000000000007,5.889999999999958,101,7,RB36,,Samaje Perine
13139,Jamaal,Williams,RB,NOS,28,129,129,129,38,109.48,39.58,4.33,102.31,6.914012342096785,26.689999999999998,17.710000000000022,109,7,RB38,,Jamaal Williams
13608,Rashaad,Penny,RB,PHI,27,162,162,162,39,121.1,42.53,6.51,107.668,14.139801130143239,54.331999999999994,4.260000000000005,117,7,RB41,,Rashaad Penny
15712,Tyler,Allgeier,RB,ATL,23,170,170,170,40,132.53,45.92,5.43,128.35333333333332,20.684749347177394,41.646666666666675,0.4199999999999875,129,8,RB46,,Tyler Allgeier
16169,Zach,Charbonnet,RB,SEA,22,172,172,172,41,106.29,38.25,5.16,103.19833333333334,13.810308247424778,68.80166666666666,1.5500000000000114,102,7,RB37,,Zach Charbonnet
15263,Elijah,Mitchell,RB,SFO,25,175,175,175,42,129.44,45.11,4.83,122.75666666666666,12.420894582203896,52.24333333333334,0.5,125,8,RB44,,Elijah Mitchell
12625,Ezekiel,Elliott,RB,NEP,28,176,176,176,43,138.7,47.47,8.06,121.17833333333333,11.304921371784157,54.82166666666667,0.7299999999999898,136,8,RB49,,Ezekiel Elliott
15742,Jaylen,Warren,RB,PIT,25,179,179,179,44,125.53,43.69,6.65,125.03666666666666,14.80743356861306,53.96333333333334,1.9100000000000108,120,7,RB43,,Jaylen Warren
11761,Jerick,McKinnon,RB,KCC,31,180,180,180,45,122.19,43.16,5.81,126.29833333333333,12.345300612873796,53.70166666666667,4.34999999999998,115,7,RB40,,Jerick McKinnon
14075,Damien,Harris,RB,BUF,26,189,189,189,46,124.34,43.84,5.22,121.252,12.707557436423409,67.748,0.7400000000000233,118,7,RB42,,Damien Harris
15261,Chuba,Hubbard,RB,CAR,24,190,190,190,47,172.21,56.07,5.62,152.09,14.913988400156407,37.91,1.019999999999996,161,9,RB54,,Chuba Hubbard
15255,Kenneth,Gainwell,RB,PHI,24,192,192,192,48,136.86,47.28,6.7,134.21,10.84314222600319,57.78999999999999,0.8100000000000023,133,8,RB48,,Kenneth Gainwell
14080,Devin,Singletary,RB,HOU,26,197,197,197,49,146.65,50.44,5.13,142.68,12.551107520852494,54.31999999999999,3.0799999999999983,147,8,RB50,,Devin Singletary
13134,D'Onta,Foreman,RB,CHI,27,205,205,205,51,168.79,55.55,7.36,142.0675,10.779036077033966,62.932500000000005,3.1400000000000006,167,9,RB56,,D'Onta Foreman
16164,Tank,Bigsby,RB,JAC,22,211,211,211,52,138.95,47.43,8.01,120.024,9.840220729231632,90.976,2.1299999999999955,132,8,RB47,,Tank Bigsby
13850,Gus,Edwards,RB,BAL,28,215,215,215,53,182.08,57.94,7.56,158.58,17.156070645692733,56.41999999999999,1.8400000000000176,165,9,RB55,,Gus Edwards
14798,Zack,Moss,RB,IND,26,217,217,217,55,236.36,69.54,11.79,161.025,5.185000000000002,55.974999999999994,5.469999999999999,238,10,RB66,,Zack Moss
16165,Tyjae,Spears,RB,TEN,22,228,228,228,56,184.48,58.42,10.44,142.78666666666666,16.2811349590732,85.21333333333334,1.7800000000000011,173,9,RB57,,Tyjae Spears
16171,Kendre,Miller,RB,NOS,21,233,233,233,57,165.24,54.96,9.54,146.03333333333333,16.221269644787025,86.96666666666667,0.18000000000000682,156,8,RB52,,Kendre Miller
11225,Cordarrelle,Patterson,RB,ATL,32,234,234,234,58,204.61,62.92,7.99,157.608,13.598852010372052,76.392,0.7800000000000011,202,10,RB62,,Cordarrelle Patterson
15710,Kyren,Williams,RB,LAR,23,238,238,238,59,230.82,67.41,8.34,171.02,0.5600000000000023,66.97999999999999,0.769999999999996,224,10,RB63,,Kyren Williams
15277,Deon,Jackson,RB,IND,24,242,242,242,60,222.94,68.97,16.39,155.51666666666668,4.207107742327917,86.48333333333332,0.45999999999999375,273,11,RB74,,Deon Jackson
13726,Chase,Edmonds,RB,TBB,27,243,243,243,61,235.23,69.2,9.14,181.35500000000002,11.614999999999997,61.64499999999998,0.8200000000000074,249,10,RB68,,Chase Edmonds
14807,Joshua,Kelley,RB,LAC,26,246,246,246,62,207.53,62.84,6.25,167.18,1.2399999999999949,78.82,0.8599999999999994,201,10,RB61,,Joshua Kelley
14803,Clyde,Edwards-Helaire,RB,KCC,24,249,249,249,63,193.06,60.29,7.55,156.796,21.435355467078214,92.20400000000001,3.6199999999999903,177,9,RB59,,Clyde Edwards-Helaire
15723,Ty,Chandler,RB,MIN,25,258,258,258,64,214.76,65.71,11.46,164.9,6.440291142487273,93.1,1.170000000000016,233,10,RB65,,Ty Chandler
15713,Jerome,Ford,RB,CLE,24,263,263,263,65,190.69,59.75,7.06,170.25,7.530000000000001,92.75,0.8099999999999881,175,9,RB58,,Jerome Ford
15734,Keaontay,Ingram,RB,ARI,24,267,267,267,66,248.64,73.89,12.38,173.82,,93.18,3.8500000000000014,275,11,RB75,,Keaontay Ingram
16176,Deuce,Vaughn,RB,DAL,22,275,275,275,67,242.96,71.35,11.28,152.892,9.477211404205354,122.108,0.7700000000000031,254,10,RB70,,Deuce Vaughn
16175,Roschon,Johnson,RB,CHI,22,276,276,276,68,155.69,52.45,10.22,129.288,6.19202842370737,146.712,7.539999999999999,151,8,RB51,,Roschon Johnson
16181,Chase,Brown,RB,CIN,23,306,306,306,69,249.74,72.65,9.58,160.925,30.674999999999997,145.075,1.5399999999999991,258,11,RB71,,Chase Brown
11390,Latavius,Murray,RB,BUF,33,315,315,315,70,273.04,77.26,9.21,,,,2.4200000000000017,289,11,RB79,,Latavius Murray
16180,Evan,Hull,RB,IND,23,329,329,329,71,229.62,68.7,14.08,161.19,22.99000000000001,167.81,2.219999999999999,229,10,RB64,,Evan Hull
13378,Matt,Breida,RB,NYG,28,338,338,338,72,280.02,78.79,7.41,213.05,,124.94999999999999,3.990000000000002,295,11,RB81,,Matt Breida
16166,Sean,Tucker,RB,TBB,22,355,355,355,73,266.98,77.7,13.2,157.005,26.345,197.995,0.03999999999999915,282,11,RB78,,Sean Tucker
15709,Isaiah,Spiller,RB,LAC,22,356,356,356,74,262.8,74.79,8.16,,,,0.6700000000000017,280,11,RB77,,Isaiah Spiller
14821,JaMycal,Hasty,RB,JAC,27,359,359,359,75,295.67,83.11,8.04,,,,0.35999999999999943,311,11,RB85,,JaMycal Hasty
16163,Zach,Evans,RB,LAR,22,362,362,362,76,267.68,76.49,11.3,122.88,,239.12,0.519999999999996,278,11,RB76,,Zach Evans
14081,Myles,Gaskin,RB,MIN,26,365,365,365,77,324.68,95.45,10.75,,,,0.6900000000000048,337,12,RB97,,Myles Gaskin
14727,Craig,Reynolds,RB,DET,27,367,367,367,78,338.63,98.32,14.31,,,,0.3399999999999963,415,13,RB110,,Craig Reynolds
15714,Zamir,White,RB,LVR,24,368,368,368,79,198.81,61.38,7.19,153.09666666666666,19.148681996999752,214.90333333333334,0.060000000000002274,180,9,RB60,,Zamir White
15258,Michael,Carter,RB,NYJ,24,369,369,369,80,238.98,70.15,10.26,,,,0.22999999999999687,253,10,RB69,,Michael Carter
14076,Trayveon,Williams,RB,CIN,26,372,372,372,81,305.22,88.2,10.85,,,,0.7100000000000009,319,12,RB89,,Trayveon Williams
15733,Pierre,Strong Jr.,RB,CLE,25,376,376,376,82,254.39,72.69,9.64,,,,0.4200000000000017,270,11,RB73,,Pierre Strong Jr.
14823,Rico,Dowdle,RB,DAL,25,379,379,379,83,251.37,75.87,13.43,151.09,,227.91,0.10999999999999943,329,12,RB93,,Rico Dowdle
12155,Ameer,Abdullah,RB,LVR,30,380,380,380,84,323.07,93.85,13.46,,,,0.2700000000000031,363,12,RB101,,Ameer Abdullah
16390,Jaleel,McLaughlin,RB,DEN,24,381,381,381,85,335.63,97.86,12.81,,,,1.3599999999999994,431,13,RB113,,Jaleel McLaughlin
15973,Raheem,Blackshear,RB,CAR,25,382,382,382,86,310.53,89.56,10.36,,,,0.7899999999999991,373,13,RB104,,Raheem Blackshear
14810,Ke'Shawn,Vaughn,RB,TBB,26,383,383,383,87,303.68,87.77,12.11,,,,0.44999999999999574,341,12,RB99,,Ke'Shawn Vaughn
16174,Chris,Rodriguez,RB,WAS,23,390,390,390,90,314.87,89.71,11.58,,,,0.5200000000000031,369,13,RB103,,Chris Rodriguez
15972,Jordan,Mason,RB,SFO,24,394,394,394,91,294.67,83.59,8.42,,,,1.3399999999999963,306,11,RB84,,Jordan Mason
15275,Chris,Evans,RB,CIN,26,396,396,396,92,273.03,78.92,11.65,,,,0.39000000000000057,293,11,RB80,,Chris Evans
14815,DeeJay,Dallas,RB,SEA,25,397,397,397,93,330.44,94.79,7.24,,,,0.00999999999999801,331,12,RB95,,DeeJay Dallas
16173,Eric,Gray,RB,NYG,24,398,398,398,94,314.81,90.22,8.96,,,,0.2700000000000031,320,12,RB90,,Eric Gray
15727,Zonovan,Knight,RB,FA,22,401,401,401,96,304.6,89.57,14.71,,,,1.7800000000000011,327,12,RB92,,Zonovan Knight
14804,Anthony,McFarland,RB,PIT,24,404,404,404,97,355.71,107.76,15.06,,,,0.889999999999997,466,14,RB126,,Anthony McFarland
13868,Mike,Boone,RB,HOU,28,406,406,406,98,373.15,104.29,11.61,,,,1.0600000000000023,442,14,RB118,,Mike Boone
14811,Salvon,Ahmed,RB,MIA,25,408,408,408,99,317.68,92.26,9.57,,,,0.8999999999999986,330,12,RB94,,Salvon Ahmed
13136,Corey,Clement,RB,FA,29,410,410,410,100,360.2,107.24,14.75,,,,0.33000000000000185,450,14,RB121,,Corey Clement
11367,Kyle,Juszczyk,RB,SFO,32,411,411,411,101,335.06,96.96,11.32,,,,0.05000000000000071,421,13,RB111,,Kyle Juszczyk
13148,Dare,Ogunbowale,RB,HOU,29,414,414,414,103,382.2,113.07,15.72,,,,0.5999999999999979,508,14,RB135,,Dare Ogunbowale
13814,Boston,Scott,RB,PHI,28,416,416,416,104,294.87,83.02,12.08,,,,0.19000000000000128,303,11,RB83,,Boston Scott
15719,Kevin,Harris,RB,FA,23,417,417,417,105,344.82,110.04,11.67,,,,0.14999999999999858,440,14,RB117,,Kevin Harris
14086,Justice,Hill,RB,BAL,26,418,418,418,106,301.19,87.62,10.63,,,,0.2900000000000027,366,13,RB102,,Justice Hill
15746,Tyrion,Davis-Price,RB,SFO,23,420,420,420,107,315.45,90.2,10.28,,,,0.6499999999999986,317,12,RB87,,Tyrion Davis-Price
15965,Julius,Chestnut,RB,TEN,23,421,421,421,108,358.4,104.3,14.42,,,,0.08999999999999986,435,13,RB115,,Julius Chestnut
16385,Emari,Demercado,RB,ARI,24,423,423,423,109,386.75,107.43,12.38,,,,0.6400000000000006,471,14,RB129,,Emari Demercado
15738,Malik,Davis,RB,FA,25,424,424,424,110,304.67,92.84,14.35,,,,0.6499999999999986,335,12,RB96,,Malik Davis
10932,Brandon,Bolden,RB,LVR,33,425,425,425,111,376.79,106.18,10.27,,,,0.39000000000000057,444,14,RB119,,Brandon Bolden
14083,Travis,Homer,RB,CHI,25,426,426,426,112,368.67,109.83,12.34,,,,0.4299999999999997,461,14,RB124,,Travis Homer
15462,Gary,Brightwell,RB,NYG,24,428,428,428,113,381.25,113.7,11.62,,,,0.08000000000000185,468,14,RB127,,Gary Brightwell
16179,DeWayne,McBride,RB,FA,22,429,429,429,114,296.76,86.76,12.72,,,,0.3299999999999983,318,12,RB88,,DeWayne McBride
14331,D'Ernest,Johnson,RB,JAC,27,432,432,432,115,292.53,84.39,13.79,,,,0.6500000000000021,312,11,RB86,,D'Ernest Johnson
16432,Emanuel,Wilson,RB,GBP,24,434,434,434,116,325.5,111.67,11.69,,,,1.0799999999999983,549,15,RB144,,Emanuel Wilson
16168,Israel,Abanikanda,RB,NYJ,21,438,438,438,117,282.99,81.01,11.49,,,,1.3500000000000014,297,11,RB82,,Israel Abanikanda
14420,Alec,Ingold,RB,MIA,27,443,443,443,120,369.2,108.32,13.27,,,,0.36999999999999744,455,14,RB122,,Alec Ingold
16170,Kenny,McIntosh,RB,SEA,23,444,444,444,121,329.97,98.13,13.09,,,,0.360000000000003,388,13,RB105,,Kenny McIntosh
14095,Ty,Johnson,RB,FA,26,445,445,445,122,365,111.71,20.02,,,,1.67,501,14,RB132,,Ty Johnson
12923,C.J.,Ham,RB,MIN,30,449,449,449,123,390.75,118.91,13.61,,,,0.6100000000000012,527,15,RB138,,C.J. Ham
16380,Deneric,Prince,RB,FA,23,451,451,451,124,297.5,95.88,16.25,,,,0.18999999999999773,408,13,RB107,,Deneric Prince
16178,Keaton,Mitchell,RB,BAL,21,452,452,452,125,374.67,110.46,17.88,,,,0.5700000000000003,462,14,RB125,,Keaton Mitchell
15414,Kene,Nwangwu,RB,MIN,25,453,453,453,126,333.39,95.02,8.79,,,,0.0600000000000005,391,13,RB106,,Kene Nwangwu
16409,Elijah,Dotson,RB,LAC,24,455,455,455,128,389.33,111.42,7.33,,,,0.6799999999999997,493,14,RB131,,Elijah Dotson
16391,Hunter,Luepke,RB,DAL,23,457,457,457,129,365.67,112.4,9.91,,,,0.3500000000000014,533,15,RB142,,Hunter Luepke
15270,Demetric,Felton,RB,FA,25,466,466,466,133,394.8,115.22,13.77,,,,0.07000000000000206,517,14,RB137,,Demetric Felton
13455,Patrick,Ricard,RB,BAL,29,473,473,473,137,351.67,117.6,13.18,,,,0.09999999999999964,529,15,RB139,,Patrick Ricard
15726,Ronnie,Rivers,RB,LAR,24,474,474,474,138,352.91,106.64,11.87,,,,1.0300000000000011,448,14,RB120,,Ronnie Rivers
15054,Giovanni,Ricci,RB,CAR,27,480,480,480,139,367.5,95.56,16.87,,,,0.1999999999999993,562,15,TE99,,Giovanni Ricci
16387,Chris,Brooks,RB,MIA,23,490,490,490,142,407.5,113.08,13.01,,,,0.0600000000000005,510,14,RB136,,Chris Brooks
14359,Jakob,Johnson,RB,LVR,29,491,491,491,143,396.5,127.8,17.43,,,,0.45999999999999996,530,15,RB140,,Jakob Johnson
15454,Avery,Williams,RB,ATL,25,496,496,496,146,447,119,13.89,,,,0.20000000000000018,593,15,RB150,,Avery Williams
12040,Keith,Smith,RB,ATL,31,498,498,498,148,429.5,130.88,14.92,,,,0.6100000000000003,586,15,RB149,,Keith Smith
15960,Zander,Horvath,RB,FA,25,507,507,507,151,406,135.83,11.51,,,,0.040000000000000036,581,15,RB147,,Zander Horvath
13838,Nick,Bawden,RB,NYJ,27,508,508,508,152,282.5,115.25,38.13,,,,0.31999999999999984,532,15,RB141,,Nick Bawden
14836,Justin,Jefferson,WR,MIN,24,4,4,4,1,1.69,1.15,0.41,1.9849999999999999,0.9528334936738247,2.015,7.559999999999974,1,1,WR1,,Justin Jefferson
15281,Ja'Marr,Chase,WR,CIN,23,5,5,5,2,3.58,2.06,0.62,4.868333333333333,1.8639690328853524,0.13166666666666682,5.150000000000006,3,1,WR2,,Ja'Marr Chase
12801,Tyreek,Hill,WR,MIA,29,10,10,10,3,6.41,3.17,0.76,7.885,2.6090531488134414,2.115,13.25,5,1,WR3,,Tyreek Hill
13164,Cooper,Kupp,WR,LAR,30,14,14,14,4,14.6,7.36,4.26,11.18,4.054951705425521,2.8200000000000003,0.5099999999999909,13,2,WR6,,Cooper Kupp
14832,CeeDee,Lamb,WR,DAL,24,15,15,15,5,13.23,6.31,1.48,15.483333333333334,3.6747909993479757,-0.4833333333333343,8.160000000000025,12,2,WR5,,CeeDee Lamb
12186,Stefon,Diggs,WR,BUF,30,18,18,18,6,10.8,5.13,1.42,12.643333333333333,2.862916151215206,5.356666666666667,0.13999999999998636,10,2,WR4,,Stefon Diggs
11675,Davante,Adams,WR,LVR,31,19,19,19,7,16.18,8.04,2.13,17.54,1.880620464988439,1.4600000000000009,16.25999999999999,17,2,WR9,,Davante Adams
14104,A.J.,Brown,WR,PHI,26,24,24,24,8,14.58,7.06,1.79,14.911666666666667,2.363185820502108,9.088333333333333,0.6399999999999864,14,2,WR7,,A.J. Brown
15287,Amon-Ra,St. Brown,WR,DET,24,25,25,25,9,15.07,7.46,1.81,20.346666666666668,4.225906871771892,4.653333333333332,9.81000000000003,15,2,WR8,,Amon-Ra St. Brown
15284,Jaylen,Waddle,WR,MIA,25,33,33,33,10,22.11,11.26,1.56,25.788333333333334,4.118290165698488,7.211666666666666,0.7599999999999909,20,3,WR11,,Jaylen Waddle
15753,Garrett,Wilson,WR,NYJ,23,34,34,34,11,17.73,9.04,2.09,19.638333333333332,2.8466437352706357,14.361666666666668,8.719999999999999,19,3,WR10,,Garrett Wilson
15754,Chris,Olave,WR,NOS,23,39,39,39,12,24.68,12.44,2.54,29.810000000000002,5.985680134008722,9.189999999999998,2.259999999999991,21,3,WR12,,Chris Olave
14835,Tee,Higgins,WR,CIN,24,41,41,41,13,29.39,14.38,2.05,33.82666666666667,4.890254480994714,7.173333333333332,2.210000000000008,26,3,WR14,,Tee Higgins
14102,DK,Metcalf,WR,SEA,26,44,44,44,14,33.98,16.16,2.91,37.81166666666667,6.558100377057029,6.188333333333333,2.0100000000000193,33,4,WR15,,DK Metcalf
15282,DeVonta,Smith,WR,PHI,25,46,46,46,15,28.82,14.22,2.49,31.545,4.910162081506748,14.454999999999998,0.6899999999999977,25,3,WR13,,DeVonta Smith
14136,Deebo,Samuel,WR,SFO,27,48,48,48,16,43.51,20.02,5.13,38.06666666666667,4.8876977084194655,9.93333333333333,0.6699999999999591,39,4,WR19,,Deebo Samuel
12175,Amari,Cooper,WR,CLE,29,49,49,49,17,37.5,17.56,2.66,41.02333333333333,5.678863344797873,7.976666666666667,0.660000000000025,37,4,WR18,,Amari Cooper
13629,Calvin,Ridley,WR,JAC,29,50,50,50,18,35.36,16.74,4.02,34.56333333333333,4.714766401660025,15.436666666666667,0.13999999999998636,34,4,WR16,,Calvin Ridley
15789,Christian,Watson,WR,GBP,24,51,51,51,19,50.82,23.31,4.59,55.03,11.115855042835584,-4.030000000000001,2.2700000000000102,46,5,WR21,,Christian Watson
11222,Keenan,Allen,WR,LAC,31,53,53,53,20,36.53,17.23,3.38,47.138333333333335,7.012311593824742,5.861666666666665,7.390000000000015,36,4,WR17,,Keenan Allen
13154,Mike,Williams,WR,LAC,29,64,64,64,22,58.97,26.94,5.19,66.02,11.73895083330136,-2.019999999999996,0.030000000000001137,60,5,WR28,,Mike Williams
11671,Mike,Evans,WR,TBB,30,65,65,65,23,68.47,31.25,4.73,78.28333333333333,9.830152027760754,-13.283333333333331,2.069999999999993,68,6,WR31,,Mike Evans
14109,Terry,McLaurin,WR,WAS,28,67,67,67,24,57.83,26.58,4.96,59.681666666666665,10.47638521734583,7.318333333333335,1.6599999999999966,57,5,WR26,,Terry McLaurin
11232,DeAndre,Hopkins,WR,TEN,31,69,69,69,25,52.21,23.74,4.79,58.25666666666667,4.135821831537503,10.743333333333332,0.37999999999999545,49,5,WR22,,DeAndre Hopkins
13163,Chris,Godwin,WR,TBB,27,70,70,70,26,57.47,26.33,4,77.53,13.719749754763505,-7.530000000000001,0.37999999999999545,56,5,WR25,,Chris Godwin
13633,Christian,Kirk,WR,JAC,27,71,71,71,27,65.33,29.8,5.12,74.25666666666666,7.68823487905745,-3.2566666666666606,2.7600000000000193,63,5,WR30,,Christian Kirk
12187,Tyler,Lockett,WR,SEA,31,74,74,74,28,58.17,26.75,5.04,66.68333333333334,10.404269422800537,7.316666666666663,3.6299999999999955,58,5,WR27,,Tyler Lockett
14208,Diontae,Johnson,WR,PIT,27,75,75,75,29,59.39,27.1,5.09,83.75,11.710101052794835,-8.75,0.28000000000000114,62,5,WR29,,Diontae Johnson
15751,Drake,London,WR,ATL,22,76,76,76,30,53.47,24.66,4.38,66.32000000000001,4.821974007948752,9.679999999999993,1.7399999999999807,51,5,WR23,,Drake London
14840,Brandon,Aiyuk,WR,SFO,25,77,77,77,31,56.56,26.12,4.68,72.14666666666668,8.592552330684729,4.853333333333325,0.25,55,5,WR24,,Brandon Aiyuk
14833,Jerry,Jeudy,WR,DEN,24,78,78,78,32,75.89,34.43,7.72,72.79666666666667,8.913006725504523,5.203333333333333,0.6500000000000057,78,6,WR35,,Jerry Jeudy
14105,Marquise,Brown,WR,ARI,26,80,80,80,33,73.52,33.54,5.36,96.32,8.028279184648893,-16.319999999999993,3.920000000000016,74,6,WR33,,Marquise Brown
15755,Jahan,Dotson,WR,WAS,23,89,89,89,34,73.11,32.95,5.53,87.155,11.056974797233945,1.8449999999999989,0.14999999999997726,73,6,WR32,,Jahan Dotson
14842,Michael,Pittman,WR,IND,26,91,91,91,35,74.88,33.77,5.34,89.09833333333333,16.38092327136118,1.9016666666666708,2.8000000000000114,76,6,WR34,,Michael Pittman
15762,George,Pickens,WR,PIT,22,96,96,96,36,78.53,35.19,5.58,79.995,14.36238460934209,16.004999999999995,3.530000000000001,80,6,WR36,,George Pickens
11674,Brandin,Cooks,WR,DAL,30,117,117,117,38,91.11,40.38,4.63,101.71000000000001,8.469600541544642,15.289999999999992,2.859999999999985,87,6,WR40,,Brandin Cooks
13630,Courtland,Sutton,WR,DEN,28,123,123,123,39,89.5,39.59,5.16,107.325,16.738115933401822,15.674999999999997,0.4300000000000068,86,6,WR39,,Courtland Sutton
16186,Jordan,Addison,WR,MIN,21,124,124,124,40,84.02,37.8,5.34,100.95833333333334,19.050205087843253,23.041666666666657,2.539999999999992,83,6,WR37,,Jordan Addison
13156,JuJu,Smith-Schuster,WR,NEP,27,133,133,133,41,108.06,46.96,5.86,119.16166666666668,14.671600022568171,13.838333333333324,1.1400000000000148,106,7,WR46,,JuJu Smith-Schuster
15752,Treylon,Burks,WR,TEN,23,137,137,137,42,98.5,43.69,6.11,122.40833333333333,11.696163782292992,14.591666666666669,0.13999999999998636,95,7,WR42,,Treylon Burks
12652,Michael,Thomas,WR,NOS,30,138,138,138,43,107.18,47.05,6.01,106.22,7.792768014854112,31.78,5.849999999999994,104,7,WR45,,Michael Thomas
16190,Zay,Flowers,WR,BAL,23,146,146,146,44,96.83,43.09,8.83,106.65166666666667,14.355309606166246,39.34833333333333,1.0800000000000125,96,7,WR43,,Zay Flowers
16185,Jaxon,Smith-Njigba,WR,SEA,21,148,148,148,45,93.93,41.79,6.25,102,12.465811913656754,46,2.299999999999983,91,7,WR41,,Jaxon Smith-Njigba
14127,Jakobi,Meyers,WR,LVR,27,151,151,151,46,116.01,50.74,5.74,137.45499999999998,13.793620204041185,13.545000000000016,0.3400000000000034,112,7,WR49,,Jakobi Meyers
15290,Nico,Collins,WR,HOU,24,152,152,152,47,120.89,52.36,7.02,134.63,8.282849751142422,17.370000000000005,2.390000000000015,116,7,WR51,,Nico Collins
13632,Allen,Lazard,WR,NYJ,28,156,156,156,48,125.31,54.35,7.49,132.79833333333335,8.533962379158286,23.201666666666654,1.5100000000000051,122,7,WR53,,Allen Lazard
12650,Tyler,Boyd,WR,CIN,29,160,160,160,49,134.96,58.32,6.03,146.755,13.542367776722063,13.245000000000005,0.7799999999999869,134,8,WR56,,Tyler Boyd
15766,Skyy,Moore,WR,KCC,23,161,161,161,50,111.66,48.16,9.42,119.35166666666666,12.652586582285151,41.64833333333334,0.7299999999999898,108,7,WR47,,Skyy Moore
13176,Zay,Jones,WR,JAC,28,163,163,163,51,137.34,59.01,7.41,142.394,15.851878879173922,20.605999999999995,0.3900000000000148,138,8,WR59,,Zay Jones
14974,Darnell,Mooney,WR,CHI,26,166,166,166,53,137.63,59.11,7.31,155.6825,15.377393106440374,10.317499999999995,0.04000000000000625,135,8,WR57,,Darnell Mooney
15283,Rondale,Moore,WR,ARI,23,167,167,167,54,146.77,62.86,8.71,151.345,1.9650000000000034,15.655000000000001,0.2799999999999869,146,8,WR62,,Rondale Moore
13646,Michael,Gallup,WR,DAL,27,168,168,168,55,149.31,63.42,7.46,159.7525,27.147584952440976,8.247500000000002,0.1700000000000017,145,8,WR61,,Michael Gallup
15779,Romeo,Doubs,WR,GBP,23,173,173,173,57,135.19,57.77,9.76,135.434,11.390727105852378,37.566,1.8999999999999915,128,8,WR54,,Romeo Doubs
11938,Adam,Thielen,WR,CAR,33,177,177,177,58,140.49,59.8,8.36,134.31833333333333,7.287190626175649,42.68166666666667,2.5400000000000063,137,8,WR58,,Adam Thielen
12176,DeVante,Parker,WR,NEP,30,181,181,181,59,191.34,76.31,9.04,170.115,16.415000000000006,10.884999999999991,0.6299999999999955,179,9,WR76,,DeVante Parker
13793,Marquez,Valdes-Scantling,WR,KCC,29,182,182,182,60,183.68,74.15,9.62,164.07999999999998,28.940000000000012,17.920000000000016,0.4999999999999858,171,9,WR72,,Marquez Valdes-Scantling
16188,Quentin,Johnston,WR,LAC,22,183,183,183,61,116.33,50.74,8.18,121.81166666666667,10.845377535562735,61.18833333333333,0.030000000000015348,113,7,WR50,,Quentin Johnston
16197,Jonathan,Mingo,WR,CAR,22,184,184,184,62,168.66,69.31,12.45,156.31,19.41806032194428,27.689999999999998,2.289999999999992,163,9,WR68,,Jonathan Mingo
13157,Curtis,Samuel,WR,WAS,27,185,185,185,63,173.7,71.13,8.97,178.26999999999998,11.989999999999995,6.730000000000018,0.1700000000000017,166,9,WR70,,Curtis Samuel
15289,Kadarius,Toney,WR,KCC,24,187,187,187,64,118.99,51.53,8.54,117.80666666666667,8.674621349405145,69.19333333333333,0.15000000000000568,119,7,WR52,,Kadarius Toney
14123,Hunter,Renfrow,WR,LVR,28,188,188,188,65,186.09,75.87,8.98,164.375,2.4749999999999943,23.625,1.6799999999999926,186,9,WR79,,Hunter Renfrow
14977,K.J.,Osborn,WR,MIN,26,191,191,191,66,166.45,68.67,8.67,159.3,9.780000000000001,31.69999999999999,0.8400000000000034,164,9,WR69,,K.J. Osborn
14858,Van,Jefferson,WR,LAR,27,194,194,194,67,166.68,68.55,11.23,161.965,9.625,32.035,0.5300000000000011,155,8,WR65,,Van Jefferson
15288,Elijah,Moore,WR,CLE,23,196,196,196,68,102.23,45.14,6.61,124.73166666666667,13.300361419483645,71.26833333333333,0.9300000000000068,99,7,WR44,,Elijah Moore
16184,Jayden,Reed,WR,GBP,23,200,200,200,70,178.92,73.53,12.44,157.06,22.30000000000001,42.94,1.9899999999999807,170,9,WR71,,Jayden Reed
14857,Donovan,Peoples-Jones,WR,CLE,24,203,203,203,71,162.54,67.74,8.53,152,8.030000000000001,51,2.030000000000001,153,8,WR64,,Donovan Peoples-Jones
13418,Kendrick,Bourne,WR,NEP,28,208,208,208,73,247.83,95.79,9.21,,,,2.039999999999992,272,11,WR97,,Kendrick Bourne
15293,Rashod,Bateman,WR,BAL,24,210,210,210,74,111.15,48.88,7.78,128.58166666666668,18.05151001686255,81.41833333333332,0.7000000000000028,111,7,WR48,,Rashod Bateman
15768,Alec,Pierce,WR,IND,23,212,212,212,75,172.5,70.7,8,176.39,6.790000000000006,35.610000000000014,1.3200000000000074,162,9,WR67,,Alec Pierce
14849,Isaiah,Hodgins,WR,NYG,25,213,213,213,76,178.42,72.9,9.85,166.23333333333332,9.266226608256222,46.76666666666668,0.2600000000000051,172,9,WR73,,Isaiah Hodgins
11228,Robert,Woods,WR,HOU,31,214,214,214,77,204.7,81.37,10,173.21,,40.78999999999999,0.519999999999996,189,9,WR80,,Robert Woods
15756,Jameson,Williams,WR,DET,22,215,215,215,78,144.94,61.89,10.47,130.68,26.870583668142874,84.32,6.77000000000001,142,8,WR60,,Jameson Williams
14122,Darius,Slayton,WR,NYG,26,222,222,222,79,190.99,76.78,9.33,183.175,17.924999999999997,38.82499999999999,0.19999999999998863,178,9,WR75,,Darius Slayton
16080,Rashid,Shaheed,WR,NOS,25,223,223,223,80,176.24,72.44,8.39,184.775,14.754999999999995,38.224999999999994,0.9499999999999886,174,9,WR74,,Rashid Shaheed
13289,Mack,Hollins,WR,ATL,30,230,230,230,82,242.28,94.36,8.7,,,,1.0799999999999983,268,11,WR96,,Mack Hollins
14841,Chase,Claypool,WR,CHI,25,231,231,231,83,204.68,81.74,7.96,185.635,8.795000000000002,45.36500000000001,3.1899999999999977,196,9,WR82,,Chase Claypool
16194,Rashee,Rice,WR,KCC,23,250,250,250,86,191.3,77.3,13.11,148.605,21.027350641485953,101.39500000000001,0.6000000000000085,181,9,WR77,,Rashee Rice
14112,Parris,Campbell,WR,NYG,26,255,255,255,88,199.15,79.48,8.58,175.785,7.064999999999998,79.215,0.04999999999999716,185,9,WR78,,Parris Campbell
15757,Wan'Dale,Robinson,WR,NYG,22,256,256,256,89,209.14,84.42,13.3,165.79,,90.21000000000001,9.699999999999989,213,10,WR86,,Wan'Dale Robinson
13168,Josh,Reynolds,WR,DET,28,278,278,278,90,247.9,95.44,8.31,,,,0.7600000000000051,262,11,WR94,,Josh Reynolds
16183,Jalin,Hyatt,WR,NYG,22,282,282,282,91,204.53,81.18,15.18,138.54500000000002,9.806093768672618,143.45499999999998,0.8400000000000034,194,9,WR81,,Jalin Hyatt
16206,Michael,Wilson,WR,ARI,23,289,289,289,92,229.08,90.55,16.28,128.83,,160.17,0.01999999999999602,281,11,WR99,,Michael Wilson
13313,Isaiah,McKenzie,WR,IND,28,290,290,290,93,272.03,105.37,12.45,,,,0.5800000000000125,302,11,WR104,,Isaiah McKenzie
15109,Nick,Westbrook-Ikhine,WR,TEN,26,293,293,293,94,288.18,108.75,9.2,,,,0.2799999999999869,310,11,WR107,,Nick Westbrook-Ikhine
14108,Greg,Dortch,WR,ARI,25,299,299,299,96,270.81,105.64,11.63,,,,2.759999999999991,324,12,WR111,,Greg Dortch
15491,Ben,Skowronek,WR,LAR,26,311,311,311,97,311.98,120.37,13.74,,,,1.259999999999998,361,12,WR122,,Ben Skowronek
12658,Sterling,Shepard,WR,NYG,30,316,316,316,98,252.75,97.52,11.87,,,,1.0499999999999972,264,11,WR95,,Sterling Shepard
10308,Randall,Cobb,WR,NYJ,33,322,322,322,99,272.72,105.41,14.08,,,,0.46000000000000796,344,12,WR117,,Randall Cobb
16187,Josh,Downs,WR,IND,22,323,323,323,100,221.42,86.8,9.4,158.41,44.22,164.59,0.10999999999999943,225,10,WR88,,Josh Downs
15308,Terrace,Marshall,WR,CAR,23,324,324,324,101,237.41,92.42,10.2,,,,0.3500000000000014,244,10,WR90,,Terrace Marshall
16199,Trey,Palmer,WR,TBB,22,328,328,328,102,266.32,104.25,14.92,130.14,,197.86,0.789999999999992,342,12,WR116,,Trey Palmer
15301,Tutu,Atwell,WR,LAR,24,331,331,331,103,269.08,103.3,14.28,,,,1.0400000000000063,323,12,WR110,,Tutu Atwell
15761,Khalil,Shakir,WR,BUF,23,335,335,335,104,254.45,98.82,12.64,,,,1.0399999999999991,276,11,WR98,,Khalil Shakir
15787,Tyquan,Thornton,WR,NEP,23,341,341,341,105,233.9,91.88,11.8,,,,0.480000000000004,259,11,WR92,,Tyquan Thornton
15034,Marquez,Callaway,WR,FA,25,345,345,345,106,327.74,131,33.44,,,,1.029999999999994,404,13,WR136,,Marquez Callaway
13638,Braxton,Berrios,WR,MIA,28,350,350,350,107,272.56,104.53,9.46,,,,2.6299999999999955,304,11,WR105,,Braxton Berrios
14838,Laviska,Shenault,WR,CAR,25,360,360,360,108,274.11,104.87,8.16,,,,1.1099999999999994,298,11,WR102,,Laviska Shenault
16342,Demario,Douglas,WR,NEP,23,366,366,366,109,295,116.29,17.87,,,,1.3700000000000045,385,13,WR128,,Demario Douglas
14558,Deonte,Harty,WR,BUF,26,377,377,377,111,266.55,103.88,14.93,,,,3.5900000000000034,326,12,WR113,,Deonte Harty
13066,Kalif,Raymond,WR,DET,29,387,387,387,113,299.94,115.91,14.92,,,,0.060000000000002274,371,13,WR125,,Kalif Raymond
14992,Quez,Watkins,WR,PHI,25,388,388,388,114,277.31,105.1,8.38,,,,1.1400000000000006,301,11,WR103,,Quez Watkins
16211,Puka,Nacua,WR,LAR,22,391,391,391,115,238.12,93.3,18.02,135.79,,255.21,0.04999999999999716,284,11,WR100,,Puka Nacua
13172,Noah,Brown,WR,HOU,26,392,392,392,116,300.64,113.69,10.5,,,,0.10999999999999943,349,12,WR118,,Noah Brown
14860,Jauan,Jennings,WR,SFO,26,393,393,393,117,290.67,112.31,13.61,,,,0.5200000000000031,353,12,WR119,,Jauan Jennings
16191,Cedric,Tillman,WR,CLE,23,395,395,395,118,262.66,102.83,10.47,112.78,,282.22,1.5499999999999972,296,11,WR101,,Cedric Tillman
14592,Olamide,Zaccheaus,WR,PHI,26,399,399,399,119,314.56,121.94,14.56,,,,0.6600000000000037,372,13,WR126,,Olamide Zaccheaus
13308,Jamal,Agnew,WR,JAC,28,402,402,402,120,313.39,123.59,14.96,,,,0.44999999999999574,399,13,WR135,,Jamal Agnew
16193,Kayshon,Boutte,WR,NEP,21,403,403,403,121,287.89,110.89,13.23,,,,0.8400000000000034,316,12,WR109,,Kayshon Boutte
15292,Dyami,Brown,WR,WAS,24,405,405,405,122,322,125.12,11.71,,,,1.3699999999999974,392,13,WR132,,Dyami Brown
13893,Trent,Sherfield,WR,BUF,27,407,407,407,123,301.88,117.32,13.94,,,,1.2800000000000011,356,12,WR120,,Trent Sherfield
13488,Zach,Pascal,WR,ARI,29,409,409,409,124,361.5,134.38,11.1,,,,0.5799999999999983,423,13,WR142,,Zach Pascal
15977,Deven,Thompkins,WR,TBB,24,413,413,413,125,343.09,135.58,19.76,,,,0.8500000000000014,445,14,WR151,,Deven Thompkins
11239,Marquise,Goodwin,WR,CLE,33,415,415,415,126,365.6,142.17,12.56,,,,0.7700000000000031,454,14,WR154,,Marquise Goodwin
12785,Demarcus,Robinson,WR,LAR,29,419,419,419,127,336.74,129.23,12.19,,,,0.8699999999999974,413,13,WR139,,Demarcus Robinson
12773,Chris,Moore,WR,TEN,30,422,422,422,128,319,123.43,14.98,,,,1.7800000000000011,397,13,WR134,,Chris Moore
15901,Kyle,Philips,WR,TEN,24,427,427,427,129,299.42,113.42,10.66,,,,0.5,334,12,WR114,,Kyle Philips
14551,Trenton,Irwin,WR,CIN,28,430,430,430,130,332,127.87,10.99,,,,0.09999999999999432,420,13,WR141,,Trenton Irwin
16203,Charlie,Jones,WR,CIN,25,431,431,431,131,365.56,140.67,18.08,,,,0.38000000000000256,457,14,WR155,,Charlie Jones
15777,Calvin,Austin III,WR,PIT,24,433,433,433,132,298.67,119.12,16.51,,,,0.6700000000000017,360,12,WR121,,Calvin Austin III
16198,Rakim,Jarrett,WR,TBB,22,435,435,435,133,324.6,151.55,21.49,,,,0.14999999999999858,478,14,WR161,,Rakim Jarrett
13963,KhaDarel,Hodge,WR,ATL,28,436,436,436,134,344.47,138.55,23.38,,,,0.1700000000000017,430,13,WR145,,KhaDarel Hodge
16195,Dontayvion,Wicks,WR,GBP,22,437,437,437,135,396.2,143.76,15.11,,,,1.0199999999999996,465,14,WR158,,Dontayvion Wicks
15841,Samori,Toure,WR,GBP,25,440,440,440,137,350.56,133.34,11.85,,,,1.4200000000000017,427,13,WR143,,Samori Toure
16201,Xavier,Hutchinson,WR,HOU,23,446,446,446,138,325.12,124.77,19.45,,,,0.4800000000000004,386,13,WR129,,Xavier Hutchinson
13776,Justin,Watson,WR,KCC,28,447,447,447,139,343.52,126.15,14.05,,,,0.24999999999999645,406,13,WR137,,Justin Watson
15763,Justyn,Ross,WR,KCC,24,448,448,448,140,249.05,98.67,19.9,170.745,20.674999999999997,277.255,1.4800000000000004,305,11,WR106,,Justyn Ross
14847,Devin,Duvernay,WR,BAL,26,456,456,456,142,294.09,111.66,12.32,,,,0.8599999999999994,314,12,WR108,,Devin Duvernay
15987,Brandon,Johnson,WR,DEN,25,459,459,459,143,364.3,135.62,10.72,,,,0.2900000000000027,453,14,WR153,,Brandon Johnson
12394,DeAndre,Carter,WR,LVR,30,460,460,460,144,353.53,141.66,20.73,,,,0.24999999999999645,433,13,WR146,,DeAndre Carter
15758,David,Bell,WR,CLE,23,461,461,461,145,302.81,115.69,17.98,,,,0.14000000000000057,325,12,WR112,,David Bell
15788,Jalen,Tolbert,WR,DAL,24,464,464,464,147,320.56,121.61,13.29,,,,0.6700000000000017,362,12,WR123,,Jalen Tolbert
13910,Brandon,Powell,WR,MIN,27,468,468,468,148,440.14,158.88,14.16,,,,0.04999999999999716,492,14,WR166,,Brandon Powell
16299,Derius,Davis,WR,LAC,23,472,472,472,150,367.6,160,17.49,,,,0.6099999999999959,498,14,WR168,,Derius Davis
13863,Byron,Pringle,WR,WAS,30,475,475,475,151,440.8,172.73,35.41,,,,0.12000000000000455,535,15,WR177,,Byron Pringle
13645,Tre'Quan,Smith,WR,NOS,27,476,476,476,152,375.93,144.41,18.77,,,,0.05999999999999872,438,14,WR149,,Tre'Quan Smith
13637,Equanimeous,St. Brown,WR,CHI,27,477,477,477,153,377,152.53,15.93,,,,0.16000000000000014,475,14,WR160,,Equanimeous St. Brown
16192,Parker,Washington,WR,JAC,21,478,478,478,154,350.92,141.46,21.37,,,,0.030000000000001137,443,14,WR150,,Parker Washington
16287,Tre,Tucker,WR,LVR,22,479,479,479,155,387.22,150.19,17.83,,,,0.41000000000000014,463,14,WR156,,Tre Tucker
16413,Malik,Heath,WR,GBP,23,482,482,482,156,427.75,163.8,11.74,,,,0.259999999999998,552,15,WR183,,Malik Heath
16423,Jason,Brownlee,WR,NYJ,24,485,485,485,159,371.4,143.45,17.91,,,,0.28000000000000114,500,14,WR169,,Jason Brownlee
13862,River,Cracraft,WR,MIA,29,486,486,486,160,402.75,150.91,15.21,,,,0.23000000000000043,481,14,WR163,,River Cracraft
16202,Ronnie,Bell,WR,SFO,23,487,487,487,161,458,175.63,32.83,,,,0.1999999999999993,598,16,WR201,,Ronnie Bell
15786,Jalen,Nailor,WR,MIN,24,488,488,488,162,346.85,132.29,14.52,,,,1.8099999999999987,437,14,WR148,,Jalen Nailor
16196,A.T.,Perry,WR,NOS,24,493,493,493,163,323.18,123.75,24.59,,,,0.4700000000000024,370,13,WR124,,A.T. Perry
15780,Erik,Ezukanma,WR,MIA,23,494,494,494,164,395,152.56,21.29,,,,0.3200000000000003,474,14,WR159,,Erik Ezukanma
12181,Nelson,Agholor,WR,BAL,30,495,495,495,165,310.86,115.88,11.86,,,,0.5899999999999963,340,12,WR115,,Nelson Agholor
12188,Phillip,Dorsett,WR,FA,30,499,499,499,167,497,192.88,36.73,,,,0.05999999999999872,605,16,WR203,,Phillip Dorsett
13882,Keith,Kirkwood,WR,NOS,30,500,500,500,168,441.2,182.5,32.05,,,,0.9299999999999997,540,15,WR179,,Keith Kirkwood
13641,Ray-Ray,McCloud,WR,SFO,27,503,503,503,169,400.25,165.19,24.51,,,,0.7799999999999976,531,15,WR176,,Ray-Ray McCloud
15941,Dareke,Young,WR,SEA,24,504,504,504,170,444.25,173.08,21.43,,,,0.05000000000000071,559,15,WR185,,Dareke Young
16205,Tyler,Scott,WR,CHI,22,505,505,505,171,329.67,126.47,19.85,,,,0.120000000000001,381,13,WR127,,Tyler Scott
15981,KaVontae,Turpin,WR,DAL,27,506,506,506,172,434,170.22,26.31,,,,0.759999999999998,587,15,WR194,,KaVontae Turpin
14555,Gunner,Olszewski,WR,PIT,27,511,511,511,174,481.33,187.36,28.41,,,,0.08000000000000007,589,15,WR196,,Gunner Olszewski
15434,Ihmir,Smith-Marsette,WR,CAR,24,512,512,512,175,431.5,160.46,21.79,,,,0.75,526,14,WR174,,Ihmir Smith-Marsette
16207,Andrei,Iosivas,WR,CIN,24,514,514,514,176,373.78,147.84,18.02,,,,0.3100000000000005,464,14,WR157,,Andrei Iosivas
14839,Jalen,Reagor,WR,FA,24,515,515,515,177,429.4,168.64,41.09,,,,0.009999999999999787,528,15,WR175,,Jalen Reagor
15326,Dax,Milne,WR,WAS,24,516,516,516,178,438.5,171.75,10.26,,,,0.03999999999999915,588,15,WR195,,Dax Milne
14315,Ashton,Dulin,WR,IND,26,518,518,518,180,393.2,166.14,34.41,,,,0.19000000000000128,514,14,WR172,,Ashton Dulin
16349,Antoine,Green,WR,DET,24,519,519,519,181,429.67,188.88,28.81,,,,0.10999999999999943,566,15,WR186,,Antoine Green
16210,Justin,Shorter,WR,BUF,23,521,521,521,183,382,154.56,20.35,,,,1.4700000000000006,482,14,WR164,,Justin Shorter
16141,Josh,Ali,WR,ATL,24,523,523,523,185,499.5,187.13,15.33,,,,0.010000000000001563,608,16,WR206,,Josh Ali
14337,Jalen,Guyton,WR,LAC,26,524,524,524,186,347,158.5,21.25,,,,0.1999999999999993,485,14,WR165,,Jalen Guyton
16005,Tim,Jones,WR,JAC,25,526,526,526,189,476,169.83,14.33,,,,0.5699999999999994,603,16,WR202,,Tim Jones
14125,Miles,Boykin,WR,PIT,27,528,528,528,191,502,184.5,18.77,,,,0.040000000000000924,606,16,WR204,,Miles Boykin
15782,Danny,Gray,WR,SFO,24,533,533,533,196,409.29,158.42,23.15,,,,0.2599999999999989,494,14,WR167,,Danny Gray
16393,Jake,Bobo,WR,SEA,25,539,539,539,202,387,158.88,10.52,,,,0,546,15,WR181,,Jake Bobo
15285,Tylan,Wallace,WR,BAL,24,541,541,541,204,451,181.69,29.43,,,,0.08999999999999986,575,15,WR189,,Tylan Wallace
15991,Tanner,Conner,WR,FA,25,545,545,545,208,322,144.2,29.42,,,,0,548,15,WR182,,Tanner Conner
16453,Elijah,Cooks,WR,JAC,25,545,545,545,208,375,182.83,18.56,,,,0,567,15,WR187,,Elijah Cooks
15528,Kristian,Wilkerson,WR,LVR,26,546,546,546,209,518,199.75,34.39,,,,0,607,16,WR205,,Kristian Wilkerson
16037,Andre,Baccellia,WR,FA,26,546,546,546,209,447,171.25,18.61,,,,0,592,15,WR198,,Andre Baccellia
13348,David,Moore,WR,FA,28,547,547,547,210,294.5,156.4,17.26,,,,0.07999999999999963,536,15,WR178,,David Moore
16364,Jalen,Brooks,WR,DAL,23,549,549,549,212,444,172.7,30.11,,,,0.20000000000000018,580,15,WR192,,Jalen Brooks
15313,Racey,McMath,WR,FA,24,551,551,551,214,445.5,192.2,41.3,,,,0.2699999999999996,591,15,WR197,,Racey McMath
14118,Lil'Jordan,Humphrey,WR,FA,25,552,552,552,215,404,183.67,37.95,,,,0.020000000000000018,579,15,WR191,,Lil'Jordan Humphrey
12645,Laquon,Treadwell,WR,FA,28,553,553,553,216,483.5,203.6,46.34,,,,0,597,15,WR200,,Laquon Treadwell
11244,Travis,Kelce,TE,KCC,34,2,2,2,1,6.78,1.01,0.08,7.011666666666667,1.7409902992900974,-5.011666666666667,68.89999999999998,6,1,TE1,,Travis Kelce
13671,Mark,Andrews,TE,BAL,28,23,23,23,2,30.71,2.14,0.43,33.016666666666666,4.122772799410071,-10.016666666666666,7.130000000000024,29,4,TE2,,Mark Andrews
14138,T.J.,Hockenson,TE,MIN,26,27,27,27,3,53.91,3.6,1.04,48.655,6.416582034073904,-21.655,12.219999999999999,52,5,TE3,,T.J. Hockenson
12263,Darren,Waller,TE,NYG,31,38,38,38,4,58.64,4.14,1.29,55.865,4.516254901279747,-17.865000000000002,2.3100000000000023,59,5,TE4,,Darren Waller
13299,George,Kittle,TE,SFO,30,40,40,40,5,67.26,5.36,1.32,51.59,5.463191985155443,-11.590000000000003,12.549999999999983,67,6,TE5,,George Kittle
15329,Kyle,Pitts,TE,ATL,23,55,55,55,6,74.98,6.22,1.47,65.905,7.143105650438986,-10.905000000000001,1.3900000000000148,77,6,TE7,,Kyle Pitts
13674,Dallas,Goedert,TE,PHI,28,58,58,58,7,75.34,6.2,1.18,65.06166666666667,5.424697892253744,-7.061666666666667,11.16000000000001,75,6,TE6,,Dallas Goedert
15331,Pat,Freiermuth,TE,PIT,25,72,72,72,8,100.01,8.67,1.23,92.55833333333334,13.438823629899886,-20.558333333333337,0.46999999999999886,98,7,TE9,,Pat Freiermuth
13189,Evan,Engram,TE,JAC,29,73,73,73,9,99.94,8.93,1.41,84.385,9.863166749747942,-11.385000000000005,8.989999999999995,97,7,TE8,,Evan Engram
13772,Dalton,Schultz,TE,HOU,27,83,83,83,10,127.68,13.04,2.74,123.23333333333333,9.387943805162498,-40.233333333333334,0.06999999999999318,121,7,TE11,,Dalton Schultz
13192,David,Njoku,TE,CLE,27,84,84,84,11,107.43,9.89,1.54,95.62666666666667,10.463523413373823,-11.626666666666665,1.8800000000000097,105,7,TE10,,David Njoku
12678,Tyler,Higbee,TE,LAR,30,88,88,88,12,133.06,13.7,3.09,138.365,8.919666940717757,-50.36500000000001,3.9799999999999898,124,8,TE12,,Tyler Higbee
15889,Chigoziem,Okonkwo,TE,TEN,24,96,96,96,13,134.33,14.05,2.72,138.675,10.526839902522186,-42.67500000000001,1.730000000000004,126,8,TE13,,Chigoziem Okonkwo
15797,Greg,Dulcich,TE,DEN,23,101,101,101,14,152.13,17.44,3.96,137.93333333333334,17.3968212294341,-36.93333333333334,0.8099999999999881,143,8,TE16,,Greg Dulcich
14867,Cole,Kmet,TE,CHI,24,103,103,103,15,144.97,16.22,3.43,133.96666666666667,10.890319350485353,-30.96666666666667,0.9400000000000119,140,8,TE15,,Cole Kmet
13236,Gerald,Everett,TE,LAC,29,105,105,105,16,153.33,17.42,3.03,150.72333333333333,15.99312213282808,-45.72333333333333,1.5300000000000011,144,8,TE17,,Gerald Everett
16213,Dalton,Kincaid,TE,BUF,24,114,114,114,17,139.11,14.72,4.52,117.99333333333334,9.880370550855986,-3.9933333333333394,2.799999999999997,139,8,TE14,,Dalton Kincaid
14861,Juwan,Johnson,TE,NOS,27,122,122,122,18,156.44,18.1,4.65,130.944,6.545009090902777,-8.943999999999988,3.5600000000000023,149,8,TE18,,Juwan Johnson
16214,Sam,LaPorta,TE,DET,22,134,134,134,19,157.56,17.95,5.34,141.142,12.935741803236489,-7.141999999999996,2.9299999999999926,150,8,TE19,,Sam LaPorta
12676,Hunter,Henry,TE,NEP,29,140,140,140,20,202.18,24.22,4.33,164.31666666666666,26.504430237645604,-24.316666666666663,1.4100000000000108,176,9,TE21,,Hunter Henry
14137,Noah,Fant,TE,SEA,26,142,142,142,21,228.96,28.06,3.78,165.84,,-23.840000000000003,0.3100000000000023,216,10,TE29,,Noah Fant
14141,Irv,Smith Jr.,TE,CIN,25,143,143,143,22,186.17,22.33,3.89,156.1875,18.60058248415893,-13.1875,2.9799999999999898,168,9,TE20,,Irv Smith Jr.
15802,Cade,Otton,TE,TBB,24,147,147,147,23,248.14,30.45,4.72,,,,1.1300000000000097,242,10,TE32,,Cade Otton
13680,Hayden,Hurst,TE,CAR,30,150,150,150,24,202.49,24.33,4.18,162.82666666666668,29.09167272987619,-12.826666666666682,2.329999999999984,184,9,TE22,,Hayden Hurst
14143,Dawson,Knox,TE,BUF,27,153,153,153,25,203.4,24.88,5.08,136.06333333333333,9.30440875188866,16.936666666666667,0.2600000000000051,190,9,TE23,,Dawson Knox
13675,Tyler,Conklin,TE,NYJ,28,154,154,154,26,237.26,29.45,6.45,160.87,,-6.8700000000000045,1.490000000000009,265,11,TE35,,Tyler Conklin
11247,Zach,Ertz,TE,ARI,33,155,155,155,27,240.64,30.16,5.41,169.76333333333332,17.59836040342648,-14.763333333333321,1.2499999999999858,232,10,TE31,,Zach Ertz
15799,Jake,Ferguson,TE,DAL,24,158,158,158,28,196.78,23.78,7.18,157.766,17.651047107749726,0.23400000000000887,0.4000000000000057,210,10,TE26,,Jake Ferguson
13672,Mike,Gesicki,TE,NEP,28,159,159,159,29,213.53,26.49,5.08,184.26,,-25.25999999999999,2.969999999999999,204,10,TE25,,Mike Gesicki
11647,Logan,Thomas,TE,WAS,32,165,165,165,30,265.72,33.25,4.72,,,,2.950000000000003,287,11,TE36,,Logan Thomas
16215,Luke,Musgrave,TE,GBP,23,171,171,171,31,205.22,24.43,6.55,150.8,19.95889651258305,20.19999999999999,1.210000000000008,211,10,TE27,,Luke Musgrave
16212,Michael,Mayer,TE,LVR,22,174,174,174,32,237.06,29.22,4.71,163.24,46.91,10.759999999999991,1.509999999999991,227,10,TE30,,Michael Mayer
15794,Trey,McBride,TE,ARI,24,178,178,178,33,218.05,27.26,5.64,,,,10.720000000000006,199,10,TE24,,Trey McBride
12677,Austin,Hooper,TE,LVR,29,199,199,199,34,295.32,37.81,4.6,,,,1.009999999999998,313,12,TE37,,Austin Hooper
15840,Jelani,Woods,TE,IND,25,201,201,201,35,262.08,33.26,6.45,,,,1.3900000000000006,260,11,TE34,,Jelani Woods
15798,Isaiah,Likely,TE,BAL,23,204,204,204,36,263.01,32.75,4.82,207.7,,-3.6999999999999886,9.5,256,11,TE33,,Isaiah Likely
13676,Durham,Smythe,TE,MIA,28,218,218,218,37,310.73,42.42,6.82,,,,3.549999999999997,358,12,TE46,,Durham Smythe
16221,Luke,Schoonmaker,TE,DAL,25,220,220,220,38,320.86,43.25,6.73,128.42,,91.58000000000001,0.4399999999999977,339,12,TE40,,Luke Schoonmaker
15337,Noah,Gray,TE,KCC,24,221,221,221,39,321.37,43.53,5.16,,,,0.3500000000000014,355,12,TE44,,Noah Gray
15419,Kylen,Granson,TE,IND,25,224,224,224,40,326.18,48.38,7.87,,,,0.3100000000000023,394,13,TE53,,Kylen Granson
14870,Adam,Trautman,TE,DEN,26,225,225,225,41,297.07,39.56,6.22,,,,0.44999999999999574,333,12,TE39,,Adam Trautman
13763,Will,Dissly,TE,SEA,27,232,232,232,43,322.07,44.38,6.39,,,,0.5899999999999963,367,13,TE48,,Will Dissly
12317,C.J.,Uzomah,TE,NYJ,30,235,235,235,44,344.51,49.94,6.78,,,,0.37000000000000455,384,13,TE52,,C.J. Uzomah
15626,Brock,Wright,TE,DET,25,236,236,236,45,353.4,55.85,6.8,,,,0.030000000000001137,416,13,TE57,,Brock Wright
14239,Foster,Moreau,TE,NOS,26,237,237,237,46,323.1,45.38,7.5,,,,0.37999999999999545,354,12,TE43,,Foster Moreau
13427,Robert,Tonyan,TE,CHI,29,239,239,239,47,324.33,43.79,5.92,,,,0.36000000000000654,345,12,TE41,,Robert Tonyan
13193,Jonnu,Smith,TE,ATL,28,240,240,240,48,324.29,43.84,5.13,,,,1.3699999999999974,347,12,TE42,,Jonnu Smith
16269,Brenton,Strange,TE,JAC,23,244,244,244,49,343.4,59.97,10.83,,,,0.30999999999999517,447,14,TE61,,Brenton Strange
13246,Mo,Alie-Cox,TE,IND,30,247,247,247,50,338.61,50.32,6.61,,,,2.190000000000005,396,13,TE54,,Mo Alie-Cox
13753,Jordan,Akins,TE,CLE,31,252,252,252,51,332.71,54.74,9.75,,,,0.3299999999999983,425,13,TE58,,Jordan Akins
14875,Harrison,Bryant,TE,CLE,25,253,253,253,52,351.52,53.65,7.09,,,,0.3299999999999983,402,13,TE56,,Harrison Bryant
14876,Josiah,Deguara,TE,GBP,26,254,254,254,53,348.75,70.18,8.33,,,,1.1900000000000048,487,14,TE70,,Josiah Deguara
13424,Taysom,Hill,TE,NOS,33,257,257,257,54,222.69,27.54,7.15,153.48,25.97779975286591,103.52000000000001,0.6400000000000006,215,10,TE28,,Taysom Hill
14209,Josh,Oliver,TE,MIN,26,259,259,259,55,358.3,56.48,7.26,,,,0.6099999999999994,452,14,TE64,,Josh Oliver
14871,Colby,Parkinson,TE,SEA,24,261,261,261,56,355.61,56.94,7.84,,,,0.2199999999999953,426,13,TE59,,Colby Parkinson
16222,Tucker,Kraft,TE,GBP,23,262,262,262,57,331.72,48.14,8.82,,,,0.42000000000000526,380,13,TE51,,Tucker Kraft
15332,Tommy,Tremble,TE,CAR,23,264,264,264,58,334.88,63.29,7.74,,,,0.02999999999999403,456,14,TE65,,Tommy Tremble
13678,Ian,Thomas,TE,CAR,27,265,265,265,59,395.13,69.74,11,,,,0.22000000000000597,467,14,TE66,,Ian Thomas
16216,Darnell,Washington,TE,PIT,22,266,266,266,60,332.74,46.84,6.64,118.3,,147.7,0.759999999999998,359,12,TE47,,Darnell Washington
15905,Teagan,Quitoriano,TE,HOU,23,270,270,270,61,347.33,65.89,10.38,,,,1.9299999999999997,473,14,TE68,,Teagan Quitoriano
9925,Jimmy,Graham,TE,NOS,37,271,271,271,62,309.13,65.29,19.17,,,,0.11999999999999744,451,14,TE63,,Jimmy Graham
15873,Daniel,Bellinger,TE,NYG,23,272,272,272,63,301.58,39.64,5.55,,,,0.3900000000000041,315,12,TE38,,Daniel Bellinger
15330,Brevin,Jordan,TE,HOU,23,273,273,273,64,348.96,54.1,9.99,,,,0.22999999999999687,401,13,TE55,,Brevin Jordan
16312,Josh,Whyle,TE,TEN,24,277,277,277,66,416.17,72.32,9.6,,,,0.22000000000000242,518,14,TE82,,Josh Whyle
16333,Elijah,Higgins,TE,ARI,23,279,279,279,67,306.6,72.6,20.73,,,,0.41000000000000014,476,14,TE69,,Elijah Higgins
15929,Ko,Kieft,TE,TBB,25,280,280,280,68,319.5,75.06,14.18,,,,0.04999999999999716,491,14,TE72,,Ko Kieft
16000,Peyton,Hendershot,TE,DAL,24,281,281,281,69,370.27,59.03,7.29,,,,0.360000000000003,449,14,TE62,,Peyton Hendershot
12213,Blake,Bell,TE,KCC,32,283,283,283,70,385.5,84.6,19.66,,,,0.21000000000000085,574,15,TE104,,Blake Bell
14873,Albert,Okwuegbunam,TE,PHI,25,284,284,284,71,334.8,50.31,14.98,,,,0.16000000000000014,379,13,TE50,,Albert Okwuegbunam
16219,Davis,Allen,TE,LAR,22,284,284,284,71,338,100.57,14.09,,,,0,554,15,TE94,,Davis Allen
15800,Connor,Heyward,TE,PIT,24,285,285,285,72,318,77,13.11,,,,0.019999999999999574,520,14,TE84,,Connor Heyward
15334,Hunter,Long,TE,LAR,25,286,286,286,73,333.67,70.42,12.6,,,,0.06999999999999673,522,14,TE85,,Hunter Long
15344,John,Bates,TE,WAS,26,288,288,288,75,327.5,69.73,7.99,,,,0.6999999999999993,497,14,TE74,,John Bates
15795,Charlie,Kolar,TE,BAL,24,291,291,291,76,385.75,79.21,9.36,,,,0.04999999999999716,525,14,TE87,,Charlie Kolar
14868,Brycen,Hopkins,TE,LAR,26,292,292,292,77,358.2,74.8,7.5,,,,0.32000000000000384,504,14,TE76,,Brycen Hopkins
15333,Tre',McKitty,TE,LAC,24,294,294,294,78,351,72.3,5.51,,,,0.509999999999998,512,14,TE79,,Tre' McKitty
14231,Trevon,Wesco,TE,TEN,28,296,296,296,79,381.8,79.6,18.95,,,,0.1999999999999993,507,14,TE78,,Trevon Wesco
13315,Eric,Saubert,TE,MIA,29,297,297,297,80,360.5,89.4,6.59,,,,0.23000000000000043,560,15,TE97,,Eric Saubert
15909,James,Mitchell,TE,DET,24,298,298,298,81,342.67,70.12,6.74,,,,0.3500000000000014,472,14,TE67,,James Mitchell
16218,Payne,Durham,TE,TBB,23,300,300,300,82,382.33,78.4,11.96,,,,0.9400000000000013,543,15,TE92,,Payne Durham
16220,Will,Mallory,TE,IND,24,301,301,301,83,341.5,87.93,15.6,,,,0.4099999999999966,556,15,TE96,,Will Mallory
12212,Tyler,Kroft,TE,MIA,31,302,302,302,84,310,63.2,9.77,,,,0.010000000000001563,542,15,TE91,,Tyler Kroft
15026,Stephen,Sullivan,TE,CAR,27,303,303,303,85,385.5,104.71,5.99,,,,0.389999999999997,573,15,TE103,,Stephen Sullivan
14146,Drew,Sample,TE,CIN,27,305,305,305,87,326.75,72.38,8.32,,,,0.04999999999999716,496,14,TE73,,Drew Sample
15541,Jack,Stoll,TE,PHI,25,307,307,307,88,317.5,75.29,7.77,,,,0.3500000000000014,490,14,TE71,,Jack Stoll
13988,Ross,Dwelley,TE,SFO,28,309,309,309,89,378.33,85.5,8.76,,,,0.2900000000000027,539,15,TE89,,Ross Dwelley
15796,Jeremy,Ruckert,TE,NYJ,23,310,310,310,90,361.92,62.94,17.91,,,,0.1999999999999993,441,14,TE60,,Jeremy Ruckert
8269,Marcedes,Lewis,TE,CHI,39,312,312,312,91,334.67,94.4,11.26,,,,0.5199999999999996,524,14,TE86,,Marcedes Lewis
15563,Mitchell,Wilcox,TE,CIN,27,313,313,313,92,360.5,91.5,7.38,,,,0.13000000000000078,515,14,TE81,,Mitchell Wilcox
13940,Johnny,Mundt,TE,MIN,29,317,317,317,94,346.25,81.23,8.89,,,,0.16000000000000014,506,14,TE77,,Johnny Mundt
15341,Quintin,Morris,TE,BUF,24,318,318,318,95,380,81.67,10.5,,,,0.2099999999999973,541,15,TE90,,Quintin Morris
15803,Cole,Turner,TE,WAS,23,319,319,319,96,311.79,42.98,12.4,,,,0.11000000000000121,357,12,TE45,,Cole Turner
12955,Chris,Manhertz,TE,DEN,31,321,321,321,98,400,84.83,5.1,,,,0.5999999999999996,555,15,TE95,,Chris Manhertz
15335,Luke,Farrell,TE,JAC,26,325,325,325,99,315.33,86.25,11.45,,,,0.14999999999999858,519,14,TE83,,Luke Farrell
15054,Giovanni,Ricci,TE,CAR,27,327,327,327,101,367.5,95.56,16.87,,,,0.11000000000000121,562,15,TE99,,Giovanni Ricci
15070,Jody,Fortson,TE,KCC,28,328,328,328,102,326.5,71.78,11.88,,,,0.5,550,15,TE93,,Jody Fortson
14752,Jesper,Horsted,TE,LVR,26,330,330,330,103,400.5,90.56,11.87,,,,0.4299999999999997,576,15,TE105,,Jesper Horsted
16249,Zack,Kuntz,TE,FA,24,334,334,334,106,377,88.43,29.65,,,,0.5800000000000001,569,15,TE102,,Zack Kuntz
16425,Julian,Hill,TE,MIA,23,334,334,334,106,362.5,68.83,7.24,,,,0,561,15,TE98,,Julian Hill
12309,MyCole,Pruitt,TE,ATL,31,342,342,342,111,421.5,88.63,13.5,,,,0.08000000000000185,584,15,TE106,,MyCole Pruitt
15804,Grant,Calcaterra,TE,PHI,25,343,343,343,112,388.6,77.53,14.92,,,,0.14999999999999858,513,14,TE80,,Grant Calcaterra
16217,Cameron,Latu,TE,SFO,23,344,344,344,113,336.25,79.67,16.04,,,,0.40000000000000036,502,14,TE75,,Cameron Latu
14996,Tyler,Davis,TE,GBP,26,349,349,349,117,,,,,,,0.7100000000000009,483,14,K42,,Tyler Davis
15604,Shane,Zylstra,TE,DET,27,351,351,351,118,371,91.6,19.46,,,,0.35999999999999943,565,15,TE100,,Shane Zylstra
14294,Tommy,Sweeney,TE,NYG,28,357,357,357,120,375.5,98.6,14.83,,,,0.1299999999999999,568,15,TE101,,Tommy Sweeney
0516,Dallas,Cowboys,DST,DAL,,86,86,86,1,171.19,2.62,1.94,113.64,23.664124746121498,-27.64,4,188,9,DST2,,Dallas Cowboys
0518,Philadelphia,Eagles,DST,PHI,,86,86,86,1,176.38,3.4,2.11,104.6525,24.428574840747466,-18.652500000000003,0,191,9,DST3,,Philadelphia Eagles
0504,New England,Patriots,DST,NEP,,92,92,92,2,189.23,6.58,3.91,134.66,17.304028432708957,-42.66,1.7000000000000028,200,10,DST6,,New England Patriots
0510,Pittsburgh,Steelers,DST,PIT,,96,96,96,3,212.4,10.79,3.33,146.2475,22.884974737805592,-50.2475,0.19999999999998863,221,10,DST11,,Pittsburgh Steelers
0530,San Francisco,49ers,DST,SFO,,97,97,97,4,164.99,1.79,1.2,98.89999999999999,19.285065465276492,-1.8999999999999915,1.1000000000000085,183,9,DST1,,San Francisco 49ers
0507,Cleveland,Browns,DST,CLE,,99,99,99,5,231.03,14.41,3.51,171.93,23.47,-72.93,0.3999999999999915,236,10,DST14,,Cleveland Browns
0529,New Orleans,Saints,DST,NOS,,100,100,100,6,211.21,11.06,3.78,144.2475,22.114356620756567,-44.2475,0.5,217,10,DST9,,New Orleans Saints
0503,Miami,Dolphins,DST,MIA,,102,102,102,7,219.95,12.94,3.71,168.14,17.66148540374412,-66.13999999999999,1.1000000000000085,226,10,DST12,,Miami Dolphins
0520,Washington,Commanders,DST,WAS,,104,104,104,8,232.71,14.58,4.07,166.32999999999998,17.679999999999993,-62.329999999999984,0.29999999999999716,237,10,DST15,,Washington Commanders
0502,Indianapolis,Colts,DST,IND,,107,107,107,9,262.09,19.85,4.27,,,,0.10000000000000853,266,11,DST20,,Indianapolis Colts
0501,Buffalo,Bills,DST,BUF,,108,108,108,10,178.53,4.86,2.34,125.0775,23.669421597284543,-17.0775,0.09999999999999432,192,9,DST4,,Buffalo Bills
0512,Kansas City,Chiefs,DST,KCC,,110,110,110,11,211.39,10.82,3.21,163.56,21.710000000000008,-53.56,0.29999999999999716,218,10,DST10,,Kansas City Chiefs
0523,Green Bay,Packers,DST,GBP,,111,111,111,12,242.07,16.58,4.17,179.01999999999998,16.570000000000007,-68.01999999999998,0.20000000000000284,245,10,DST16,,Green Bay Packers
0514,Los Angeles,Chargers,DST,LAC,,112,112,112,13,239.34,17.05,3.57,167.06,,-55.06,0.5,248,10,DST18,,Los Angeles Chargers
0522,Detroit,Lions,DST,DET,,113,113,113,14,295.91,23.27,4,163,,-50,0.29999999999998295,292,11,DST26,,Detroit Lions
0532,Houston,Texans,DST,HOU,,115,115,115,15,307.39,28.28,3.42,159.56,,-44.56,1.4210854715202004e-14,382,13,DST30,,Houston Texans
0505,New York,Jets,DST,NYJ,,116,116,116,16,189.59,6.1,3.25,135.8025,31.338309123977957,-19.80250000000001,0.5,197,10,DST5,,New York Jets
0515,Seattle,Seahawks,DST,SEA,,116,116,116,16,278.6,19.78,4.91,178.5,14.120000000000005,-62.5,0,279,11,DST22,,Seattle Seahawks
0524,Minnesota,Vikings,DST,MIN,,118,118,118,17,304.26,26.18,4.07,206.33,,-88.33000000000001,1,307,11,DST27,,Minnesota Vikings
0531,Baltimore,Ravens,DST,BAL,,119,119,119,18,195.04,7.98,2.7,147.25666666666666,15.270364181060716,-28.25666666666666,0.7999999999999972,206,10,DST7,,Baltimore Ravens
0525,Tampa Bay,Buccaneers,DST,TBB,,121,121,121,19,234.96,17.61,4.84,,,,1.5,246,10,DST17,,Tampa Bay Buccaneers
0509,Jacksonville,Jaguars,DST,JAC,,125,125,125,20,255.89,17.07,5.08,161.35500000000002,7.99499999999999,-36.35500000000002,0.20000000000000284,257,11,DST19,,Jacksonville Jaguars
0508,Tennessee,Titans,DST,TEN,,126,126,126,21,288.72,22.89,4.73,,,,0.3999999999999915,288,11,DST25,,Tennessee Titans
0511,Denver,Broncos,DST,DEN,,127,127,127,22,201.54,10.06,4.89,156,25.422431040323428,-29,1.4210854715202004e-14,212,10,DST8,,Denver Broncos
0517,New York,Giants,DST,NYG,,128,128,128,23,288.52,22.86,3.97,200.7,,-72.69999999999999,0.4999999999999858,286,11,DST24,,New York Giants
0506,Cincinnati,Bengals,DST,CIN,,130,130,130,24,223.49,14.08,4.21,175.425,16.97500000000001,-45.42500000000001,0.29999999999999716,231,10,DST13,,Cincinnati Bengals
0527,Carolina,Panthers,DST,CAR,,131,131,131,25,276.21,21.32,4.17,,,,1.4210854715202004e-14,274,11,DST21,,Carolina Panthers
0528,Los Angeles,Rams,DST,LAR,,132,132,132,26,276.46,23.55,4.35,,,,1.2999999999999972,283,11,DST23,,Los Angeles Rams
0526,Atlanta,Falcons,DST,ATL,,135,135,135,27,313.53,27.37,3.71,,,,1.2999999999999972,378,13,DST29,,Atlanta Falcons
0519,Arizona,Cardinals,DST,ARI,,139,139,139,28,311.57,28.28,3.98,,,,3.4000000000000057,352,12,DST28,,Arizona Cardinals
0521,Chicago,Bears,DST,CHI,,144,144,144,29,317.74,28.93,2.72,,,,3.6999999999999886,383,13,DST31,,Chicago Bears
0513,Las Vegas,Raiders,DST,LVR,,149,149,149,30,330.29,30.69,2.25,,,,0,418,13,DST32,,Las Vegas Raiders
11678,Allen,Robinson,WR,PIT,30,251,251,251,87,214.67,85.24,9.37,207.43,,43.56999999999999,1.7000000000000028,220,10,WR87,0.05882352941176483,Allen Robinson
15716,Brian,Robinson,RB,WAS,24,96,96,96,35,92.51,33.77,4.03,91.425,23.51786749828025,4.575000000000003,0.5100000000000193,89,6,RB34,0.07407407407407418,Brian Robinson
13652,Cedrick,Wilson,WR,MIA,28,374,374,374,110,319.39,125.19,18.95,,,,0.46000000000000085,387,13,WR130,0.07407407407407418,Cedrick Wilson
14341,Donald,Parham,TE,LAC,26,227,227,227,42,333.46,45.75,5.9,,,,1.4400000000000048,368,13,TE49,0.07843137254901966,Donald Parham
14017,Jeffery,Wilson,RB,MIA,28,216,216,216,54,161.39,53.82,10.28,148.602,17.22865334261503,67.398,0.5599999999999881,158,9,RB53,0.16031746031746041,Jeffery Wilson
15759,John,Metchie,WR,HOU,23,248,248,248,85,207.01,82.64,11.78,181.695,9.894999999999996,66.305,0.5799999999999841,207,10,WR84,0.08333333333333337,John Metchie
15319,Josh,Palmer,WR,LAC,24,245,245,245,84,205.14,81.94,10.28,186.71,8.409999999999997,58.28999999999999,0.5000000000000142,203,10,WR83,0.09673659673659674,Josh Palmer
10738,Marvin,Jones,WR,DET,33,229,229,229,81,241.99,93.96,8.63,,,,0.27000000000001023,261,11,WR93,0.08333333333333337,Marvin Jones
16189,Marvin,Mims,WR,DEN,21,198,198,198,69,163.33,67.65,16.09,139.53333333333333,15.687696523780106,58.46666666666667,0.6400000000000006,160,9,WR66,0.0888888888888889,Marvin Mims
14113,Mecole,Hardman,WR,NYJ,25,206,206,206,72,212.26,83.56,7.76,203.77,,2.2299999999999898,0.27000000000001023,209,10,WR85,0.07407407407407418,Mecole Hardman
12151,Melvin,Gordon,RB,FA,30,400,400,400,95,331.13,95.93,11.24,,,,0.09999999999999787,348,12,RB100,0.07843137254901966,Melvin Gordon
13115,Mitchell,Trubisky,QB,PIT,29,569,569,569,48,508,52.76,6.62,,,,0.7459999999999987,601,16,QB68,0.05882352941176483,Mitchell Trubisky
11679,Odell,Beckham,WR,BAL,31,164,164,164,52,130.45,56.49,10.3,115.44500000000001,6.843090797780389,48.55499999999999,3.1099999999999994,130,8,WR55,0.07843137254901966,Odell Beckham
14817,Patrick,Taylor,RB,FA,25,489,489,489,141,378.5,127.43,9.54,,,,0.8699999999999992,570,15,RB145,0.07407407407407418,Patrick Taylor
13724,Richie,James,WR,KCC,28,386,386,386,112,243.24,94.18,10.88,185.86,,200.14,0.01999999999999602,250,10,WR91,0.08333333333333337,Richie James
13606,Ronald,Jones,RB,DAL,26,389,389,389,89,312.56,88.85,8.85,,,,0.8200000000000003,321,12,RB91,0.06666666666666676,Ronald Jones
14280,Scotty,Miller,WR,ATL,26,497,497,497,166,370.53,140.7,17.09,,,,0.30000000000000426,436,14,WR147,0.02564102564102555,Scotty Miller
14613,Steven,Sims,WR,FA,26,510,510,510,173,419,172.2,17.03,,,,0.9100000000000019,583,15,WR193,0.0888888888888889,Steven Sims
14828,Tony,Jones,RB,FA,26,497,497,497,147,375.6,119.29,13.61,,,,0.08999999999999986,503,14,RB133,0.09523809523809523,Tony Jones
15253,Travis,Etienne,RB,JAC,24,28,28,28,13,33.32,13.26,2.96,30.544999999999998,3.271374583667645,-2.544999999999998,3.6299999999999955,32,4,RB13,0.07407407407407418,Travis Etienne
12261,Ty,Montgomery,RB,NEP,30,441,441,441,118,350.13,101.5,13.06,,,,0.129999999999999,422,13,RB112,0.0625,Ty Montgomery
15718,Tyler,Badie,RB,FA,23,412,412,412,102,,116.82,8.52,,,,0.5899999999999999,198,10,K2,0.1575757575757576,Tyler Badie
15767,Velus,Jones,WR,CHI,26,483,483,483,157,379.22,142.91,15.4,,,,0.08000000000000185,428,13,WR144,0.0888888888888889,Velus Jones
16384,Tyson,Bagent,QB,CHI,23,583,583,583,62,,59.93,4.77,,,,0.02000000000000135,,,,,Tyson Bagent
14069,Easton,Stick,QB,LAC,28,585,585,585,64,,64,10.04,,,,1.113999999999999,,,,,Easton Stick
13846,Logan,Woodside,QB,ATL,28,588,588,588,67,,81,11.22,,,,0.7459999999999987,,,,,Logan Woodside
13879,Kyle,Allen,QB,BUF,27,590,590,590,69,,59.33,5.88,,,,0.04800000000000182,,,,,Kyle Allen
14065,Brett,Rypien,QB,FA,27,593,593,593,72,,83.17,3.76,,,,2.057999999999999,,,,,Brett Rypien
13595,Mason,Rudolph,QB,PIT,28,594,594,594,73,,78.08,5.22,,,,0.8759999999999994,,,,,Mason Rudolph
12621,Brandon,Allen,QB,SFO,31,595,595,595,74,,75.6,6.59,,,,0.22799999999999976,,,,,Brandon Allen
16154,Jaren,Hall,QB,MIN,25,598,598,598,77,,71.38,3.53,,,,0.12199999999999989,,,,,Jaren Hall
16167,Devon,Achane,RB,MIA,22,202,202,202,50,132.63,45.8,7.87,119.95833333333333,14.712518951181979,82.04166666666667,2.3499999999999943,,,,,Devon Achane
15720,Hassan,Haskins,RB,TEN,24,385,385,385,88,,,,,,,0.4100000000000037,,,,,Hassan Haskins
14973,Jason,Huntley,RB,FA,25,442,442,442,119,,,,,,,0.41000000000000014,,,,,Jason Huntley
15725,Snoop,Conner,RB,FA,24,454,454,454,127,,131.67,12.51,,,,0.3899999999999988,,,,,Snoop Conner
14319,Andrew,Beck,RB,HOU,27,458,458,458,130,,103.67,15.11,,,,0.9700000000000006,,,,,Andrew Beck
15046,Kirk,Merritt,RB,NOS,26,463,463,463,131,,205.5,31.5,,,,0.34999999999999964,,,,,Kirk Merritt
13617,Royce,Freeman,RB,FA,27,465,465,465,132,,137.17,4.91,,,,0.22999999999999865,,,,,Royce Freeman
15103,Reggie,Gilliam,RB,BUF,26,467,467,467,134,,127.14,10.71,,,,0.33999999999999986,,,,,Reggie Gilliam
13906,Jason,Cabinda,RB,DET,27,470,470,470,135,,,,,,,0.16000000000000014,,,,,Jason Cabinda
14011,Godwin,Igwebuike,RB,FA,29,471,471,471,136,,133.5,14.33,,,,0.05999999999999872,,,,,Godwin Igwebuike
15953,Brittain,Brown,RB,LVR,26,481,481,481,140,,,,,,,1.3400000000000007,,,,,Brittain Brown
15650,Adam,Prentice,RB,NOS,26,492,492,492,144,,131.8,16.96,,,,0.6200000000000001,,,,,Adam Prentice
12325,Michael,Burton,RB,DEN,31,494,494,494,145,,131.13,10.33,,,,0.71,,,,,Michael Burton
10514,Nick,Bellore,RB,SEA,34,501,501,501,149,,,,,,,0.03999999999999915,,,,,Nick Bellore
14552,Khari,Blasingame,RB,CHI,27,502,502,502,150,,134.33,12.85,,,,1.5600000000000005,,,,,Khari Blasingame
14808,Darrynton,Evans,RB,FA,25,509,509,509,153,,128.8,27.85,,,,1.4500000000000002,,,,,Darrynton Evans
15480,Jake,Funk,RB,FA,25,513,513,513,154,,,,,,,0,,,,,Jake Funk
13635,D.J.,Moore,WR,CHI,26,63,63,63,21,46.52,21.63,3.8,49.644999999999996,5.240495364626009,13.355000000000004,1.7199999999999989,,,,,D.J. Moore
14845,Gabriel,Davis,WR,BUF,24,106,106,106,37,86.81,38.56,5.51,97.64166666666667,8.451403072205757,8.358333333333334,1.8600000000000136,,,,,Gabriel Davis
13668,D.J.,Chark,WR,CAR,27,169,169,169,56,152.57,64.27,7.39,154.032,23.246645693518882,14.96799999999999,0.9400000000000119,,,,,D.J. Chark
16204,Nathaniel,Dell,WR,HOU,24,295,295,295,95,212.52,85.9,17.17,161.525,24.185000000000002,133.475,1.170000000000016,,,,,Nathaniel Dell
15325,Cade,Johnson,WR,FA,25,439,439,439,136,,,,,,,0.7300000000000004,,,,,Cade Johnson
15297,Amari,Rodgers,WR,FA,24,450,450,450,141,,198.17,15.25,,,,1.6600000000000001,,,,,Amari Rodgers
15772,Britain,Covey,WR,FA,26,462,462,462,146,,236.2,25.12,,,,0.1700000000000017,,,,,Britain Covey
15306,Tre,Nixon,WR,NEP,25,469,469,469,149,,,,,,,0.3100000000000023,,,,,Tre Nixon
15302,D'Wayne,Eskridge,WR,SEA,26,484,484,484,158,349.5,157,14.02,,,,0.00999999999999801,,,,,D'Wayne Eskridge
16066,Maurice,Alexander,WR,FA,26,517,517,517,179,,,,,,,0.15000000000000036,,,,,Maurice Alexander
14321,Cody,Thompson,WR,SEA,27,520,520,520,182,,212.43,28.51,,,,0.3999999999999986,,,,,Cody Thompson
10973,Cole,Beasley,WR,FA,34,522,522,522,184,,190.2,11.27,,,,0.11999999999999922,,,,,Cole Beasley
9200,Matt,Slater,WR,NEP,38,525,525,525,187,,226,30.79,,,,1.7763568394002505e-15,,,,,Matt Slater
15529,Easop,Winston,WR,FA,27,525,525,525,188,,,,,,,0.24999999999999822,,,,,Easop Winston
15046,Kirk,Merritt,WR,NOS,26,527,527,527,190,,205.5,31.5,,,,0.6700000000000008,,,,,Kirk Merritt
15900,Montrell,Washington,WR,FA,25,529,529,529,192,,150.67,5.31,,,,0.5199999999999996,,,,,Montrell Washington
14548,,,WR,,,530,530,530,193,,228,1.63,,,,0.02999999999999936,,,,,NA NA
15993,Lance,McCutcheon,WR,FA,24,531,531,531,194,,187,4.97,,,,0.05000000000000071,,,,,Lance McCutcheon
15792,Michael,Woods,WR,CLE,23,532,532,532,195,,,,,,,0.33000000000000007,,,,,Michael Woods
16354,Colton,Dowell,WR,TEN,24,534,534,534,197,,187.4,25.4,,,,0.20000000000000018,,,,,Colton Dowell
14121,Andy,Isabella,WR,FA,27,535,535,535,198,,185.6,11.39,,,,0.3100000000000005,,,,,Andy Isabella
13864,Greg,Ward,WR,FA,28,536,536,536,199,,208.25,17.41,,,,0.2699999999999996,,,,,Greg Ward
15286,Seth,Williams,WR,FA,23,537,537,537,200,,,,,,,0.41000000000000014,,,,,Seth Williams
15785,Bo,Melton,WR,FA,24,538,538,538,201,,191.25,9.26,,,,0.03000000000000025,,,,,Bo Melton
14131,Stanley,Morgan,WR,FA,26,539,539,539,202,,217,3.74,,,,0.0699999999999994,,,,,Stanley Morgan
15041,Lawrence,Cager,WR,NYG,26,540,540,540,203,,143,16.47,,,,0.4200000000000008,,,,,Lawrence Cager
13316,Trent,Taylor,WR,CHI,29,542,542,542,205,,172.2,5.27,,,,0.13999999999999968,,,,,Trent Taylor
16250,Joseph,Ngata,WR,FA,22,543,543,543,206,,211.5,28.5,,,,0.33000000000000007,,,,,Joseph Ngata
12257,Chris,Conley,WR,FA,31,544,544,544,207,,181.8,19.29,,,,0.15000000000000036,,,,,Chris Conley
15984,,,WR,,,545,545,545,208,,204.14,16.62,,,,0.05999999999999961,,,,,NA NA
16403,Mitchell,Tinsley,WR,WAS,24,545,545,545,208,,192.4,19.79,,,,0,,,,,Mitchell Tinsley
16416,Xavier,Gipson,WR,NYJ,22,545,545,545,208,,181.8,14.33,,,,0,,,,,Xavier Gipson
16442,Daniel,Arias,WR,FA,25,545,545,545,208,,170,9.42,,,,0,,,,,Daniel Arias
16456,Kearis,Jackson,WR,TEN,24,545,545,545,208,,187.75,20.57,,,,0,,,,,Kearis Jackson
14110,David,Sills,WR,NYG,27,546,546,546,209,,196,24.54,,,,0.10000000000000053,,,,,David Sills
14486,,,WR,,,546,546,546,209,,174.25,52.07,,,,0,,,,,NA NA
15478,Mike,Strachan,WR,FA,26,546,546,546,209,,188.17,25.88,,,,0,,,,,Mike Strachan
14316,Penny,Hart,WR,ATL,27,548,548,548,211,,187,9.67,,,,0.020000000000000018,,,,,Penny Hart
15321,Jaelon,Darden,WR,FA,24,550,550,550,213,,218.75,7.5,,,,0.4900000000000002,,,,,Jaelon Darden
15041,Lawrence,Cager,TE,NYG,26,274,274,274,65,,143,16.47,,,,3.0599999999999987,,,,,Lawrence Cager
12378,Geoff,Swaim,TE,ARI,30,287,287,287,74,,89.38,7.18,,,,0.07000000000000384,,,,,Geoff Swaim
14370,Tanner,Hudson,TE,FA,29,304,304,304,86,,96.5,10.74,,,,0.20000000000000284,,,,,Tanner Hudson
16113,Stone,Smartt,TE,LAC,25,314,314,314,93,,94.2,16.8,,,,0.8900000000000006,,,,,Stone Smartt
15103,Reggie,Gilliam,TE,BUF,26,320,320,320,97,,127.14,10.71,,,,0.13000000000000078,,,,,Reggie Gilliam
14319,Andrew,Beck,TE,HOU,27,326,326,326,100,,103.67,15.11,,,,0.08000000000000007,,,,,Andrew Beck
15925,John,FitzPatrick,TE,ATL,23,332,332,332,104,,98.25,7.85,,,,0.3000000000000007,,,,,John FitzPatrick
14142,Kaden,Smith,TE,WAS,26,333,333,333,105,,,,,,,0.14999999999999858,,,,,Kaden Smith
15990,Armani,Rogers,TE,WAS,26,336,336,336,107,,88.33,14.52,,,,0.23000000000000043,,,,,Armani Rogers
16406,Curtis,Hodges,TE,WAS,24,337,337,337,108,,102.2,6.14,,,,0.22000000000000064,,,,,Curtis Hodges
16367,Brayden,Willis,TE,SFO,24,339,339,339,109,,101.6,5.68,,,,0.02999999999999936,,,,,Brayden Willis
14984,Charlie,Woerner,TE,SFO,26,340,340,340,110,,94.56,14.78,,,,0.6099999999999994,,,,,Charlie Woerner
15339,Kenny,Yeboah,TE,NYJ,25,346,346,346,114,,106.43,9.93,,,,0.08999999999999986,,,,,Kenny Yeboah
14355,David,Wells,TE,TBB,28,347,347,347,115,,88.4,9.73,,,,0.129999999999999,,,,,David Wells
15916,Andrew,Ogletree,TE,IND,25,348,348,348,116,,104.5,14.78,,,,0.4400000000000013,,,,,Andrew Ogletree
12680,Nick,Vannett,TE,FA,30,354,354,354,119,,115.5,2.5,,,,1.2199999999999998,,,,,Nick Vannett
15620,Chris,Myarick,TE,NYG,28,358,358,358,121,,,,,,,0.27999999999999936,,,,,Chris Myarick
13391,Jacob,Hollister,TE,FA,30,361,361,361,122,,,,,,,0.4800000000000004,,,,,Jacob Hollister
15244,Feleipe,Franks,TE,ATL,26,363,363,363,123,,60,19.3,,,,0.20999999999999996,,,,,Feleipe Franks
15564,Parker,Hesse,TE,FA,28,364,364,364,124,,113.33,21.85,,,,1.2100000000000009,,,,,Parker Hesse
15937,Nick,Muse,TE,MIN,25,370,370,370,125,,102,6.48,,,,0.009999999999999787,,,,,Nick Muse
15097,Sean,McKeon,TE,FA,26,371,371,371,126,,114.25,3.42,,,,0.3900000000000001,,,,,Sean McKeon
14363,Kevin,Rader,TE,FA,28,373,373,373,127,,103.5,13.05,,,,0.4299999999999997,,,,,Kevin Rader
14060,Tyree,Jackson,TE,FA,26,375,375,375,128,,112.5,14.5,,,,0.43999999999999995,,,,,Tyree Jackson
13994,Pharaoh,Brown,TE,FA,29,378,378,378,129,,102.75,4.82,,,,2.6,,,,,Pharaoh Brown
15455,,,TE,,,384,384,384,130,,,,,,,0,,,,,NA NA
