"RK",TIERS,"PLAYER NAME",TEAM,"POS","BYE WEEK","UPSIDE ","BUST ","SOS SEASON","ECR VS. ADP"
"1",1,"Jahmyr Gibbs",DET,"RB1","6","5 out of 5","1 out of 5","5 out of 5 stars","0"
"2",1,"Bijan Robinson",ATL,"RB2","11","5 out of 5","1 out of 5","2 out of 5 stars","0"
"3",1,"Ja'Marr Chase",CIN,"WR1","6","5 out of 5","1 out of 5","4 out of 5 stars","0"
"4",1,"Puka Nacua",LAR,"WR2","11","5 out of 5","2 out of 5","1 out of 5 stars","0"
"5",1,"Jaxon Smith-Njigba",SEA,"WR3","11","5 out of 5","2 out of 5","3 out of 5 stars","+2"
"6",1,"Amon-Ra St. Brown",DET,"WR4","6","5 out of 5","1 out of 5","4 out of 5 stars","+2"
"7",1,"Christian McCaffrey",SF,"RB3","8","4 out of 5","4 out of 5","2 out of 5 stars","-2"
"8",1,"Jonathan Taylor",IND,"RB4","13","4 out of 5","3 out of 5","4 out of 5 stars","-2"
"9",1,"James Cook III",BUF,"RB5","7","5 out of 5","1 out of 5","2 out of 5 stars","0"
"10",1,"CeeDee Lamb",DAL,"WR5","14","4 out of 5","2 out of 5","2 out of 5 stars","+2"
"11",2,"Justin Jefferson",MIN,"WR6","6","5 out of 5","2 out of 5","5 out of 5 stars","-1"
"12",2,"Chase Brown",CIN,"RB6","6","5 out of 5","2 out of 5","2 out of 5 stars","+2"
"13",2,"A.J. Brown",NE,"WR7","11","5 out of 5","2 out of 5","2 out of 5 stars","+6"
"14",2,"Saquon Barkley",PHI,"RB7","10","4 out of 5","4 out of 5","4 out of 5 stars","-3"
"15",2,"Drake London",ATL,"WR8","11","4 out of 5","3 out of 5","3 out of 5 stars","+6"
"16",2,"De'Von Achane",MIA,"RB8","6","4 out of 5","4 out of 5","3 out of 5 stars","-3"
"17",2,"Nico Collins",HOU,"WR9","8","4 out of 5","2 out of 5","3 out of 5 stars","+6"
"18",2,"Brock Bowers",LV,"TE1","13","5 out of 5","1 out of 5","3 out of 5 stars","+4"
"19",2,"Kenneth Walker III",KC,"RB9","5","5 out of 5","4 out of 5","3 out of 5 stars","-3"
"20",2,"Omarion Hampton",LAC,"RB10","7","5 out of 5","2 out of 5","3 out of 5 stars","-5"
"21",2,"Derrick Henry",BAL,"RB11","13","4 out of 5","2 out of 5","3 out of 5 stars","-4"
"22",2,"George Pickens",DAL,"WR10","14","4 out of 5","4 out of 5","2 out of 5 stars","+2"
"23",2,"Chris Olave",NO,"WR11","8","4 out of 5","4 out of 5","3 out of 5 stars","+4"
"24",2,"Trey McBride",ARI,"TE2","14","4 out of 5","2 out of 5","2 out of 5 stars","+1"
"25",2,"Ashton Jeanty",LV,"RB12","13","4 out of 5","4 out of 5","2 out of 5 stars","-7"
"26",3,"Josh Allen",BUF,"QB1","7","5 out of 5","2 out of 5","3 out of 5 stars","-6"
""
"27",3,"DeVonta Smith",PHI,"WR12","10","4 out of 5","2 out of 5","4 out of 5 stars","+4"
"28",3,"Malik Nabers",NYG,"WR13","8","4 out of 5","4 out of 5","4 out of 5 stars","+1"
"29",3,"Rashee Rice",KC,"WR14","5","4 out of 5","4 out of 5","2 out of 5 stars","+4"
"30",3,"Zay Flowers",BAL,"WR15","13","4 out of 5","2 out of 5","4 out of 5 stars","+4"
"31",3,"Kyren Williams",LAR,"RB13","11","4 out of 5","2 out of 5","5 out of 5 stars","-5"
"32",3,"Javonte Williams",DAL,"RB14","14","4 out of 5","4 out of 5","4 out of 5 stars","-2"
"33",3,"Tee Higgins",CIN,"WR16","6","5 out of 5","2 out of 5","4 out of 5 stars","+7"
"34",3,"Breece Hall",NYJ,"RB15","13","4 out of 5","4 out of 5","3 out of 5 stars","-2"
"35",3,"Lamar Jackson",BAL,"QB2","13","4 out of 5","4 out of 5","3 out of 5 stars","+3"
"36",3,"Jaylen Waddle",DEN,"WR17","10","4 out of 5","3 out of 5","2 out of 5 stars","+8"
"37",3,"Ladd McConkey",LAC,"WR18","7","4 out of 5","3 out of 5","2 out of 5 stars","+2"
"38",3,"Garrett Wilson",NYJ,"WR19","13","4 out of 5","4 out of 5","4 out of 5 stars","+5"
"39",3,"Tetairoa McMillan",CAR,"WR20","5","4 out of 5","3 out of 5","2 out of 5 stars","-3"
"40",3,"Colston Loveland",CHI,"TE3","10","5 out of 5","2 out of 5","2 out of 5 stars","+1"
"41",3,"Jeremiyah Love",ARI,"RB16","14","5 out of 5","4 out of 5","2 out of 5 stars","-13"
"42",3,"Emeka Egbuka",TB,"WR21","10","4 out of 5","3 out of 5","4 out of 5 stars","+3"
"43",4,"Drake Maye",NE,"QB3","11","5 out of 5","1 out of 5","2 out of 5 stars","+8"
"44",4,"Travis Etienne Jr.",NO,"RB17","8","4 out of 5","4 out of 5","3 out of 5 stars","-9"
"45",4,"D'Andre Swift",CHI,"RB18","10","3 out of 5","2 out of 5","2 out of 5 stars","-3"
"46",4,"Luther Burden III",CHI,"WR22","10","4 out of 5","4 out of 5","3 out of 5 stars","+6"
"47",4,"Terry McLaurin",WAS,"WR23","7","4 out of 5","2 out of 5","2 out of 5 stars","+7"
"48",4,"Joe Burrow",CIN,"QB4","6","4 out of 5","4 out of 5","3 out of 5 stars","+5"
"49",4,"Davante Adams",LAR,"WR24","11","4 out of 5","4 out of 5","1 out of 5 stars","+7"
"50",4,"Jameson Williams",DET,"WR25","6","4 out of 5","3 out of 5","4 out of 5 stars","+9"
"51",4,"Bucky Irving",TB,"RB19","10","3 out of 5","4 out of 5","2 out of 5 stars","-4"
"52",4,"Cam Skattebo",NYG,"RB20","8","4 out of 5","4 out of 5","4 out of 5 stars","-15"
"53",4,"Tyler Warren",IND,"TE4","13","5 out of 5","2 out of 5","3 out of 5 stars","-3"
"54",4,"DJ Moore",BUF,"WR26","7","4 out of 5","2 out of 5","4 out of 5 stars","-5"
"55",4,"David Montgomery",HOU,"RB21","8","4 out of 5","2 out of 5","4 out of 5 stars","-7"
"56",4,"Quinshon Judkins",CLE,"RB22","11","4 out of 5","4 out of 5","3 out of 5 stars","-10"
"57",4,"Christian Watson",GB,"WR27","11","4 out of 5","4 out of 5","5 out of 5 stars","+8"
"58",4,"Rome Odunze",CHI,"WR28","10","4 out of 5","3 out of 5","3 out of 5 stars","+2"
"59",4,"Jalen Hurts",PHI,"QB5","10","4 out of 5","3 out of 5","5 out of 5 stars","+3"
"60",4,"Bhayshul Tuten",JAC,"RB23","7","4 out of 5","3 out of 5","4 out of 5 stars","-3"
"61",4,"Jadarian Price",SEA,"RB24","11","4 out of 5","4 out of 5","4 out of 5 stars","-6"
"62",4,"Jayden Daniels",WAS,"QB6","7","4 out of 5","4 out of 5","2 out of 5 stars","+1"
"63",4,"Mike Evans",SF,"WR29","8","4 out of 5","4 out of 5","2 out of 5 stars","+3"
"64",4,"Parker Washington",JAC,"WR30","7","4 out of 5","2 out of 5","4 out of 5 stars","+4"
"65",5,"TreVeyon Henderson",NE,"RB25","11","4 out of 5","4 out of 5","2 out of 5 stars","-7"
"66",5,"Caleb Williams",CHI,"QB7","10","5 out of 5","2 out of 5","3 out of 5 stars","+6"
"67",5,"Rhamondre Stevenson",NE,"RB26","11","4 out of 5","3 out of 5","2 out of 5 stars","+2"
"68",5,"Tucker Kraft",GB,"TE5","11","5 out of 5","3 out of 5","2 out of 5 stars","-4"
"69",5,"Jaylen Warren",PIT,"RB27","9","4 out of 5","4 out of 5","2 out of 5 stars","-2"
"70",5,"Marvin Harrison Jr.",ARI,"WR31","14","3 out of 5","4 out of 5","2 out of 5 stars","+5"
"71",5,"Justin Herbert",LAC,"QB8","7","5 out of 5","2 out of 5","2 out of 5 stars","+7"
"72",5,"Carnell Tate",TEN,"WR32","9","4 out of 5","2 out of 5","3 out of 5 stars","+2"
"73",5,"Trevor Lawrence",JAC,"QB9","7","5 out of 5","2 out of 5","4 out of 5 stars","+14"
"74",5,"Dak Prescott",DAL,"QB10","14","4 out of 5","2 out of 5","2 out of 5 stars","+5"
"75",5,"Tony Pollard",TEN,"RB28","9","4 out of 5","3 out of 5","3 out of 5 stars","+2"
"76",5,"Rico Dowdle",PIT,"RB29","9","4 out of 5","4 out of 5","2 out of 5 stars","0"
"77",5,"DK Metcalf",PIT,"WR33","9","3 out of 5","3 out of 5","3 out of 5 stars","+4"
"78",5,"Harold Fannin Jr.",CLE,"TE6","11","4 out of 5","3 out of 5","3 out of 5 stars","-8"
"79",5,"Chris Godwin Jr.",TB,"WR34","10","4 out of 5","4 out of 5","4 out of 5 stars","+4"
"80",5,"Brian Thomas Jr.",JAC,"WR35","7","2 out of 5","4 out of 5","4 out of 5 stars","+2"
"81",5,"Sam LaPorta",DET,"TE7","6","4 out of 5","3 out of 5","3 out of 5 stars","-10"
"82",5,"Jonathon Brooks",CAR,"RB30","5","4 out of 5","4 out of 5","1 out of 5 stars","-2"
"83",5,"Kyle Pitts Sr.",ATL,"TE8","11","4 out of 5","4 out of 5","3 out of 5 stars","-10"
"84",5,"Courtland Sutton",DEN,"WR36","10","2 out of 5","4 out of 5","2 out of 5 stars","+6"
"85",5,"Quentin Johnston",LAC,"WR37","7","4 out of 5","4 out of 5","2 out of 5 stars","+16"
"86",5,"J.K. Dobbins",DEN,"RB31","10","4 out of 5","4 out of 5","2 out of 5 stars","+2"
"87",5,"Michael Pittman Jr.",PIT,"WR38","9","3 out of 5","3 out of 5","3 out of 5 stars","+28"
"88",5,"Blake Corum",LAR,"RB32","11","4 out of 5","4 out of 5","5 out of 5 stars","+3"
"89",5,"Michael Wilson",ARI,"WR39","14","-","-","2 out of 5 stars","0"
"90",5,"MarShawn Lloyd",GB,"RB33","11","4 out of 5","4 out of 5","4 out of 5 stars","+5"
""
"91",5,"Alec Pierce",IND,"WR40","13","4 out of 5","4 out of 5","4 out of 5 stars","+1"
"92",5,"George Kittle",SF,"TE9","8","4 out of 5","4 out of 5","3 out of 5 stars","-7"
"93",5,"Chuba Hubbard",CAR,"RB34","5","2 out of 5","4 out of 5","1 out of 5 stars","-7"
"94",6,"Brock Purdy",SF,"QB11","8","4 out of 5","2 out of 5","1 out of 5 stars","+19"
"95",6,"Bo Nix",DEN,"QB12","10","4 out of 5","2 out of 5","3 out of 5 stars","+9"
"96",6,"Josh Downs",IND,"WR41","13","3 out of 5","4 out of 5","4 out of 5 stars","+15"
"97",6,"Stefon Diggs",WAS,"WR42","7","4 out of 5","2 out of 5","2 out of 5 stars","+8"
"98",6,"RJ Harvey",DEN,"RB35","10","2 out of 5","4 out of 5","2 out of 5 stars","-14"
"99",6,"Jordan Mason",MIN,"RB36","6","4 out of 5","3 out of 5","4 out of 5 stars","-6"
"100",6,"Jaxson Dart",NYG,"QB13","8","5 out of 5","4 out of 5","4 out of 5 stars","-4"
"101",6,"Jacory Croskey-Merritt",WAS,"RB37","7","4 out of 5","4 out of 5","4 out of 5 stars","-3"
"102",6,"Wan'Dale Robinson",TEN,"WR43","9","4 out of 5","3 out of 5","3 out of 5 stars","+26"
"103",6,"Patrick Mahomes II",KC,"QB14","5","3 out of 5","4 out of 5","2 out of 5 stars","+11"
"104",6,"Travis Kelce",KC,"TE10","5","3 out of 5","3 out of 5","4 out of 5 stars","-10"
"105",6,"Jayden Reed",GB,"WR44","11","4 out of 5","4 out of 5","5 out of 5 stars","+4"
"106",6,"Kenny Gainwell",TB,"RB38","10","4 out of 5","3 out of 5","2 out of 5 stars","+2"
"107",6,"Jordan Addison",MIN,"WR45","6","4 out of 5","3 out of 5","5 out of 5 stars","0"
"108",6,"Jared Goff",DET,"QB15","6","4 out of 5","2 out of 5","5 out of 5 stars","+15"
"109",6,"Matthew Stafford",LAR,"QB16","11","4 out of 5","2 out of 5","3 out of 5 stars","-7"
"110",6,"Dalton Kincaid",BUF,"TE11","7","3 out of 5","4 out of 5","3 out of 5 stars","-11"
"111",6,"Kyle Monangai",CHI,"RB39","10","4 out of 5","3 out of 5","2 out of 5 stars","-14"
"112",6,"Makai Lemon",PHI,"WR46","10","4 out of 5","2 out of 5","4 out of 5 stars","0"
"113",6,"Rachaad White",WAS,"RB40","7","4 out of 5","2 out of 5","4 out of 5 stars","+8"
"114",6,"Jakobi Meyers",JAC,"WR47","7","2 out of 5","3 out of 5","4 out of 5 stars","+22"
"115",6,"KC Concepcion",CLE,"WR48","11","4 out of 5","3 out of 5","3 out of 5 stars","+5"
"116",6,"Isaiah Likely",NYG,"TE12","8","4 out of 5","3 out of 5","3 out of 5 stars","-16"
"117",6,"De'Zhaun Stribling",SF,"WR49","8","4 out of 5","4 out of 5","2 out of 5 stars","-11"
"118",6,"Dallas Goedert",PHI,"TE13","10","4 out of 5","3 out of 5","4 out of 5 stars","+1"
"119",6,"Kyler Murray",MIN,"QB17","6","4 out of 5","3 out of 5","5 out of 5 stars","+10"
"120",6,"Aaron Jones Sr.",MIN,"RB41","6","1 out of 5","4 out of 5","4 out of 5 stars","+6"
"121",6,"Jordan Love",GB,"QB18","11","4 out of 5","3 out of 5","4 out of 5 stars","+14"
"122",6,"Baker Mayfield",TB,"QB19","10","3 out of 5","4 out of 5","2 out of 5 stars","+20"
"123",6,"Chris Rodriguez Jr.",JAC,"RB42","7","3 out of 5","4 out of 5","4 out of 5 stars","+14"
"124",6,"Matthew Golden",GB,"WR50","11","3 out of 5","4 out of 5","5 out of 5 stars","+6"
"125",6,"Jake Ferguson",DAL,"TE14","14","2 out of 5","4 out of 5","2 out of 5 stars","-7"
"126",6,"Romeo Doubs",NE,"WR51","11","4 out of 5","3 out of 5","2 out of 5 stars","+20"
"127",6,"Mark Andrews",BAL,"TE15","13","4 out of 5","4 out of 5","4 out of 5 stars","-5"
"128",6,"Juwan Johnson",NO,"TE16","8","4 out of 5","2 out of 5","2 out of 5 stars","+3"
"129",6,"Xavier Worthy",KC,"WR52","5","4 out of 5","4 out of 5","2 out of 5 stars","+10"
"130",6,"Tyler Allgeier",ARI,"RB43","14","3 out of 5","4 out of 5","2 out of 5 stars","+4"
"131",6,"Tyler Shough",NO,"QB20","8","4 out of 5","2 out of 5","3 out of 5 stars","+33"
"132",6,"Woody Marks",HOU,"RB44","8","3 out of 5","4 out of 5","4 out of 5 stars","+8"
"133",6,"Jalen Coker",CAR,"WR53","5","4 out of 5","3 out of 5","2 out of 5 stars","+24"
"134",6,"Khalil Shakir",BUF,"WR54","7","2 out of 5","4 out of 5","4 out of 5 stars","+27"
"135",6,"Malik Willis",MIA,"QB21","6","4 out of 5","4 out of 5","3 out of 5 stars","+19"
"136",6,"Deebo Samuel Sr.",SF,"WR55","8","4 out of 5","3 out of 5","2 out of 5 stars","+5"
"137",7,"Tyjae Spears",TEN,"RB45","9","4 out of 5","4 out of 5","3 out of 5 stars","+22"
"138",7,"Jonah Coleman",DEN,"RB46","10","4 out of 5","4 out of 5","2 out of 5 stars","+7"
"139",7,"Jordyn Tyson",NO,"WR56","8","3 out of 5","5 out of 5","3 out of 5 stars","-22"
"140",7,"Rashid Shaheed",SEA,"WR57","11","3 out of 5","4 out of 5","3 out of 5 stars","+3"
"141",7,"Sam Darnold",SEA,"QB22","11","2 out of 5","4 out of 5","4 out of 5 stars","+8"
"142",7,"Mike Washington Jr.",LV,"RB47","13","4 out of 5","4 out of 5","2 out of 5 stars","-15"
"143",7,"Keaton Mitchell",LAC,"RB48","7","4 out of 5","4 out of 5","3 out of 5 stars","+19"
"144",7,"Tank Bigsby",PHI,"RB49","10","4 out of 5","3 out of 5","4 out of 5 stars","+12"
"145",7,"Dylan Sampson",CLE,"RB50","11","4 out of 5","2 out of 5","3 out of 5 stars","+59"
"146",7,"Hunter Henry",NE,"TE17","11","2 out of 5","4 out of 5","4 out of 5 stars","+6"
"147",7,"Denzel Boston",CLE,"WR58","11","4 out of 5","4 out of 5","3 out of 5 stars","+39"
"148",7,"Zach Charbonnet",SEA,"RB51","11","3 out of 5","4 out of 5","4 out of 5 stars","+2"
"149",7,"C.J. Stroud",HOU,"QB23","8","3 out of 5","4 out of 5","4 out of 5 stars","+18"
"150",7,"Tre Tucker",LV,"WR59","13","4 out of 5","2 out of 5","2 out of 5 stars","+16"
"151",7,"Daniel Jones",IND,"QB24","13","4 out of 5","4 out of 5","4 out of 5 stars","+31"
"152",7,"Chig Okonkwo",WAS,"TE18","7","4 out of 5","3 out of 5","1 out of 5 stars","+19"
"153",7,"Dalton Schultz",HOU,"TE19","8","3 out of 5","2 out of 5","4 out of 5 stars","+30"
"154",7,"Brenton Strange",JAC,"TE20","7","4 out of 5","3 out of 5","3 out of 5 stars","+21"
"155",7,"Adonai Mitchell",NYJ,"WR60","13","4 out of 5","4 out of 5","4 out of 5 stars","+78"
"156",7,"Cam Ward",TEN,"QB25","9","4 out of 5","4 out of 5","3 out of 5 stars","+22"
"157",7,"Kayshon Boutte",HOU,"WR61","8","3 out of 5","4 out of 5","3 out of 5 stars","-9"
"158",7,"Braelon Allen",NYJ,"RB52","13","1 out of 5","4 out of 5","3 out of 5 stars","+14"
"159",7,"Josh Jacobs",GB,"RB53","11","4 out of 5","5 out of 5","4 out of 5 stars","-98"
"160",7,"Alvin Kamara",NO,"RB54","8","2 out of 5","4 out of 5","3 out of 5 stars","-7"
"161",7,"Jalen McMillan",TB,"WR62","10","4 out of 5","3 out of 5","4 out of 5 stars","+68"
"162",7,"Emmett Johnson",KC,"RB55","5","4 out of 5","4 out of 5","3 out of 5 stars","-2"
"163",7,"Dontayvion Wicks",PHI,"WR63","10","4 out of 5","4 out of 5","4 out of 5 stars","+42"
"164",7,"Tyrone Tracy Jr.",NYG,"RB56","8","1 out of 5","4 out of 5","4 out of 5 stars","-9"
"165",7,"Brian Robinson Jr.",ATL,"RB57","11","1 out of 5","4 out of 5","2 out of 5 stars","-21"
"166",7,"Jerry Jeudy",CLE,"WR64","11","1 out of 5","4 out of 5","3 out of 5 stars","+55"
"167",7,"Ryan Flournoy",DAL,"WR65","14","4 out of 5","3 out of 5","2 out of 5 stars","+84"
"168",7,"Ray Davis",BUF,"RB58","7","-","-","2 out of 5 stars","+8"
"169",7,"Jauan Jennings",MIN,"WR66","6","2 out of 5","4 out of 5","5 out of 5 stars","+15"
"170",7,"Pat Bryant",DEN,"WR67","10","3 out of 5","4 out of 5","2 out of 5 stars","+79"
"171",7,"Tre' Harris",LAC,"WR68","7","4 out of 5","2 out of 5","2 out of 5 stars","+63"
"172",7,"Omar Cooper Jr.",NYJ,"WR69","13","4 out of 5","4 out of 5","4 out of 5 stars","+55"
"173",7,"Jalen Nailor",LV,"WR70","13","-","-","2 out of 5 stars","-3"
"174",7,"Bryce Young",CAR,"QB26","5","2 out of 5","4 out of 5","2 out of 5 stars","+3"
"175",7,"Terrance Ferguson",LAR,"TE21","11","4 out of 5","4 out of 5","4 out of 5 stars","+5"
"176",7,"AJ Barner",SEA,"TE22","11","4 out of 5","2 out of 5","3 out of 5 stars","+20"
"177",8,"T.J. Hockenson",MIN,"TE23","6","2 out of 5","4 out of 5","4 out of 5 stars","-4"
"178",8,"Keenan Allen",IND,"WR71","13","3 out of 5","3 out of 5","4 out of 5 stars","-10"
"179",8,"Malik Washington",MIA,"WR72","6","3 out of 5","4 out of 5","3 out of 5 stars","+34"
"180",8,"Jaylin Noel",HOU,"WR73","8","4 out of 5","3 out of 5","3 out of 5 stars","+119"
"181",8,"Houston Texans",HOU,"DST1","8","-","-","2 out of 5 stars","-71"
"182",8,"Kenyon Sadiq",NYJ,"TE24","13","3 out of 5","4 out of 5","4 out of 5 stars","+10"
"183",8,"Calvin Ridley",TEN,"WR74","9","2 out of 5","4 out of 5","3 out of 5 stars","+49"
"184",8,"Kimani Vidal",LAC,"RB59","7","1 out of 5","4 out of 5","3 out of 5 stars","+54"
"185",8,"Los Angeles Rams",LAR,"DST2","11","-","-","2 out of 5 stars","-82"
"186",8,"Denver Broncos",DEN,"DST3","10","-","-","4 out of 5 stars","-62"
"187",8,"Jacoby Brissett",ARI,"QB27","14","2 out of 5","4 out of 5","2 out of 5 stars","+48"
"188",8,"Seattle Seahawks",SEA,"DST4","11","-","-","2 out of 5 stars","-63"
"189",8,"Rashod Bateman",BAL,"WR75","13","3 out of 5","4 out of 5","4 out of 5 stars","-"
"190",8,"Gunnar Helm",TEN,"TE25","9","3 out of 5","4 out of 5","3 out of 5 stars","+71"
"191",8,"Malik Davis",DAL,"RB60","14","-","-","4 out of 5 stars","+75"
"192",8,"Philadelphia Eagles",PHI,"DST5","10","-","-","0 out of 5 stars","-59"
"193",8,"Sean Tucker",TB,"RB61","10","3 out of 5","4 out of 5","2 out of 5 stars","+63"
"194",8,"Isiah Pacheco",DET,"RB62","6","3 out of 5","4 out of 5","5 out of 5 stars","-20"
"195",8,"Oronde Gadsden II",LAC,"TE26","7","3 out of 5","4 out of 5","4 out of 5 stars","-7"
"196",8,"Travis Hunter",JAC,"WR76","7","3 out of 5","4 out of 5","4 out of 5 stars","+26"
"197",8,"New England Patriots",NE,"DST6","11","-","-","3 out of 5 stars","-28"
"198",8,"Pittsburgh Steelers",PIT,"DST7","9","-","-","5 out of 5 stars","-4"
"199",8,"Nicholas Singleton",TEN,"RB63","9","3 out of 5","4 out of 5","3 out of 5 stars","+38"
"200",8,"Jacksonville Jaguars",JAC,"DST8","7","-","-","3 out of 5 stars","-13"
"201",8,"Aaron Rodgers",PIT,"QB28","9","1 out of 5","4 out of 5","2 out of 5 stars","-22"
"202",8,"Pat Freiermuth",PIT,"TE27","9","3 out of 5","3 out of 5","2 out of 5 stars","-4"
"203",8,"Los Angeles Chargers",LAC,"DST9","7","-","-","3 out of 5 stars","-10"
"204",8,"Minnesota Vikings",MIN,"DST10","6","-","-","1 out of 5 stars","-19"
"205",8,"Chris Bell",MIA,"WR77","6","4 out of 5","4 out of 5","3 out of 5 stars","+26"
"206",8,"Brandon Aubrey",DAL,"K1","14","5 out of 5","1 out of 5","2 out of 5 stars","-90"
"207",8,"Cade Otton",TB,"TE28","10","2 out of 5","3 out of 5","2 out of 5 stars","+52"
"208",8,"Ja'Kobi Lane",BAL,"WR78","13","4 out of 5","4 out of 5","4 out of 5 stars","-57"
"209",8,"Malachi Fields",NYG,"WR79","8","4 out of 5","4 out of 5","4 out of 5 stars","+9"
"210",8,"Baltimore Ravens",BAL,"DST11","13","-","-","5 out of 5 stars","-21"
"211",8,"Zachariah Branch",ATL,"WR80","11","3 out of 5","4 out of 5","3 out of 5 stars","+53"
"212",8,"Isaac TeSlaa",DET,"WR81","6","3 out of 5","4 out of 5","4 out of 5 stars","-4"
"213",8,"Cameron Dicker",LAC,"K2","7","5 out of 5","1 out of 5","2 out of 5 stars","-75"
"214",8,"Kaytron Allen",WAS,"RB64","7","3 out of 5","4 out of 5","4 out of 5 stars","+30"
"215",8,"Cooper Kupp",SEA,"WR82","11","2 out of 5","4 out of 5","3 out of 5 stars","-18"
"216",8,"Kansas City Chiefs",KC,"DST12","5","-","-","3 out of 5 stars","+3"
"217",8,"Kaelon Black",SF,"RB65","8","4 out of 5","4 out of 5","2 out of 5 stars","-59"
"218",8,"Geno Smith",NYJ,"QB29","13","2 out of 5","4 out of 5","4 out of 5 stars","+18"
"219",8,"Jaylen Wright",MIA,"RB66","6","-","-","3 out of 5 stars","+23"
"220",8,"Ka'imi Fairbairn",HOU,"K3","8","5 out of 5","1 out of 5","2 out of 5 stars","-88"
"221",8,"George Holani",SEA,"RB67","11","3 out of 5","4 out of 5","4 out of 5 stars","+36"
"222",8,"Najee Harris",NYG,"RB68","8","2 out of 5","4 out of 5","4 out of 5 stars","+38"
"223",8,"Darnell Mooney",NYG,"WR83","8","3 out of 5","4 out of 5","4 out of 5 stars","+80"
"224",8,"Cam Little",JAC,"K4","7","-","-","4 out of 5 stars","-59"
"225",8,"Jason Myers",SEA,"K5","11","4 out of 5","2 out of 5","4 out of 5 stars","-78"
"226",8,"Justice Hill",BAL,"RB69","13","-","-","3 out of 5 stars","-3"
"227",8,"Green Bay Packers",GB,"DST13","11","-","-","2 out of 5 stars","-18"
"228",8,"Germie Bernard",PIT,"WR84","9","2 out of 5","4 out of 5","3 out of 5 stars","+48"
"229",8,"Jake Bates",DET,"K6","6","4 out of 5","2 out of 5","5 out of 5 stars","-39"
"230",8,"Eddy Pineiro",SF,"K7","8","4 out of 5","2 out of 5","5 out of 5 stars","-29"
"231",8,"James Conner",ARI,"RB70","14","3 out of 5","4 out of 5","2 out of 5 stars","-20"
"232",8,"Tyler Loop",BAL,"K8","13","-","-","3 out of 5 stars","-32"
"233",8,"Emanuel Wilson",SEA,"RB71","11","3 out of 5","4 out of 5","4 out of 5 stars","+40"
"234",8,"Devaughn Vele",NO,"WR85","8","2 out of 5","4 out of 5","3 out of 5 stars","+36"
"235",8,"Troy Franklin",DEN,"WR86","10","1 out of 5","5 out of 5","2 out of 5 stars","+82"
"236",8,"Detroit Lions",DET,"DST14","6","-","-","5 out of 5 stars","-24"
"237",8,"Chris Brooks",GB,"RB72","11","2 out of 5","4 out of 5","4 out of 5 stars","+31"
"238",8,"Ted Hurst III",TB,"WR87","10","4 out of 5","4 out of 5","4 out of 5 stars","+17"
"239",8,"Buffalo Bills",BUF,"DST15","7","-","-","3 out of 5 stars","-13"
"240",8,"Samaje Perine",CIN,"RB73","6","2 out of 5","5 out of 5","2 out of 5 stars","+58"
"241",9,"Kaleb Johnson",GB,"RB74","11","1 out of 5","5 out of 5","4 out of 5 stars","-21"
"242",9,"Evan Engram",DEN,"TE29","10","-","-","4 out of 5 stars","+44"
"243",9,"Harrison Mevis",LAR,"K9","11","4 out of 5","2 out of 5","2 out of 5 stars","-52"
"244",9,"Demond Claiborne",MIN,"RB75","6","3 out of 5","4 out of 5","4 out of 5 stars","+23"
"245",9,"Cairo Santos",CHI,"K10","10","3 out of 5","3 out of 5","0 out of 5 stars","+17"
"246",9,"Keon Coleman",BUF,"WR88","7","2 out of 5","4 out of 5","4 out of 5 stars","+25"
"247",9,"Fernando Mendoza",LV,"QB30","13","4 out of 5","3 out of 5","1 out of 5 stars","-84"
"248",9,"Tank Dell",HOU,"WR89","8","4 out of 5","5 out of 5","3 out of 5 stars","-2"
"249",9,"Jack Bech",LV,"WR90","13","3 out of 5","4 out of 5","2 out of 5 stars","+61"
"250",9,"Andy Borregales",NE,"K11","11","-","-","1 out of 5 stars","-22"
"251",9,"Antonio Williams",WAS,"WR91","7","4 out of 5","2 out of 5","2 out of 5 stars","+24"
"252",9,"Evan McPherson",CIN,"K12","6","4 out of 5","2 out of 5","2 out of 5 stars","-53"
"253",9,"Chase McLaughlin",TB,"K13","10","4 out of 5","2 out of 5","3 out of 5 stars","-29"
"254",9,"Cleveland Browns",CLE,"DST16","11","-","-","5 out of 5 stars","-14"
"255",9,"David Njoku",LAC,"TE30","7","4 out of 5","4 out of 5","4 out of 5 stars","-74"
"256",9,"Ollie Gordon II",MIA,"RB76","6","3 out of 5","4 out of 5","3 out of 5 stars","+45"
"257",9,"Caleb Douglas",MIA,"WR92","6","3 out of 5","4 out of 5","3 out of 5 stars","-32"
"258",9,"Tory Horton",SEA,"WR93","11","4 out of 5","4 out of 5","3 out of 5 stars","+51"
"259",9,"Isaiah Davis",NYJ,"RB77","13","2 out of 5","4 out of 5","3 out of 5 stars","-"
"260",9,"Jordan James",SF,"RB78","8","2 out of 5","4 out of 5","2 out of 5 stars","-12"
"261",9,"Ty Johnson",BUF,"RB79","7","-","-","2 out of 5 stars","+18"
"262",9,"Colby Parkinson",LAR,"TE31","11","-","-","4 out of 5 stars","+1"
"263",9,"Harrison Butker",KC,"K14","5","-","-","5 out of 5 stars","-68"
"264",9,"LeQuint Allen Jr.",JAC,"RB80","7","2 out of 5","5 out of 5","4 out of 5 stars","-"
"265",9,"Elic Ayomanor",TEN,"WR94","9","1 out of 5","5 out of 5","3 out of 5 stars","-"
"266",9,"Greg Dulcich",MIA,"TE32","6","4 out of 5","4 out of 5","5 out of 5 stars","-51"
"267",9,"Tyquan Thornton",KC,"WR95","5","2 out of 5","5 out of 5","2 out of 5 stars","-"
"268",9,"Chimere Dike",TEN,"WR96","9","1 out of 5","5 out of 5","3 out of 5 stars","-"
"269",9,"Tua Tagovailoa",ATL,"QB31","11","2 out of 5","4 out of 5","4 out of 5 stars","-16"
"270",9,"Kirk Cousins",LV,"QB32","13","2 out of 5","4 out of 5","1 out of 5 stars","-25"
"271",9,"Chris Boswell",PIT,"K15","9","4 out of 5","2 out of 5","4 out of 5 stars","-54"
"272",9,"Michael Penix Jr.",ATL,"QB33","11","2 out of 5","5 out of 5","4 out of 5 stars","-25"
"273",9,"Wil Lutz",DEN,"K16","10","-","-","1 out of 5 stars","-19"
"274",9,"Seth McGowan",IND,"RB81","13","4 out of 5","4 out of 5","4 out of 5 stars","+10"
"275",9,"DJ Giddens",IND,"RB82","13","2 out of 5","4 out of 5","4 out of 5 stars","-"
"276",9,"Darius Slayton",NYG,"WR97","8","2 out of 5","4 out of 5","4 out of 5 stars","-"
"277",9,"Kendre Miller",NO,"RB83","8","2 out of 5","4 out of 5","3 out of 5 stars","-"
"278",9,"Xavier Legette",CAR,"WR98","5","2 out of 5","4 out of 5","2 out of 5 stars","-"
"279",9,"Deshaun Watson",CLE,"QB34","11","1 out of 5","5 out of 5","4 out of 5 stars","-21"
"280",9,"Elijah Sarratt",BAL,"WR99","13","3 out of 5","3 out of 5","4 out of 5 stars","-"
"281",9,"Shedeur Sanders",CLE,"QB35","11","3 out of 5","4 out of 5","4 out of 5 stars","-16"
"282",9,"Will Reichard",MIN,"K17","6","-","-","2 out of 5 stars","-75"
"283",9,"Marvin Mims Jr.",DEN,"WR100","10","3 out of 5","4 out of 5","2 out of 5 stars","-"
"284",9,"Brashard Smith",KC,"RB84","5","-","-","3 out of 5 stars","-"
"285",9,"Christian Kirk",SF,"WR101","8","1 out of 5","5 out of 5","2 out of 5 stars","-"
"286",9,"Mason Taylor",NYJ,"TE33","13","1 out of 5","4 out of 5","4 out of 5 stars","-"
"287",9,"Cyrus Allen",KC,"WR102","5","4 out of 5","4 out of 5","2 out of 5 stars","-71"
"288",9,"San Francisco 49ers",SF,"DST17","8","-","-","3 out of 5 stars","-78"
"289",9,"Kyle Williams",NE,"WR103","11","3 out of 5","4 out of 5","2 out of 5 stars","-"
"290",9,"Atlanta Falcons",ATL,"DST18","11","-","-","4 out of 5 stars","-"
"291",9,"Emari Demercado",DAL,"RB85","14","2 out of 5","5 out of 5","4 out of 5 stars","+21"
"292",9,"Devin Singletary",NYG,"RB86","8","1 out of 5","5 out of 5","4 out of 5 stars","-23"
"293",9,"Adam Randall",BAL,"RB87","13","3 out of 5","5 out of 5","3 out of 5 stars","-"
"294",9,"Theo Johnson",NYG,"TE34","8","2 out of 5","4 out of 5","3 out of 5 stars","+19"
"295",9,"Mack Hollins",NE,"WR104","11","-","-","2 out of 5 stars","-"
"296",9,"New Orleans Saints",NO,"DST19","8","-","-","5 out of 5 stars","-"
"297",9,"Eli Stowers",PHI,"TE35","10","4 out of 5","4 out of 5","4 out of 5 stars","-7"
"298",9,"Hollywood Brown",PHI,"WR105","10","-","-","4 out of 5 stars","-"
"299",9,"Isaiah Bond",CLE,"WR106","11","-","-","3 out of 5 stars","-"
"300",9,"Skyler Bell",BUF,"WR107","7","-","-","4 out of 5 stars","+5"
"301",9,"Jaydon Blue",PHI,"RB88","10","3 out of 5","5 out of 5","4 out of 5 stars","-27"
"302",9,"Devin Neal",FA,"RB89","-","1 out of 5","5 out of 5","-","-"
"303",10,"Tahj Brooks",CIN,"RB90","6","-","-","2 out of 5 stars","-"
"304",10,"Trevor Etienne",CAR,"RB91","5","2 out of 5","4 out of 5","1 out of 5 stars","-"
"305",10,"Mike Gesicki",CIN,"TE36","6","-","-","3 out of 5 stars","-33"
"306",10,"Indianapolis Colts",IND,"DST20","13","-","-","5 out of 5 stars","-"
"307",10,"Trey Benson",ARI,"RB92","14","1 out of 5","5 out of 5","2 out of 5 stars","+9"
"308",10,"Isaac Guerendo",SF,"RB93","8","-","-","2 out of 5 stars","-"
"309",10,"Jerome Ford",WAS,"RB94","7","2 out of 5","4 out of 5","4 out of 5 stars","-"
"310",10,"Audric Estime",NO,"RB95","8","-","-","3 out of 5 stars","-"
"311",10,"Will Shipley",PHI,"RB96","10","-","-","4 out of 5 stars","-"
"312",10,"Darren Waller",CAR,"TE37","5","-","-","2 out of 5 stars","-18"
"313",10,"Andrei Iosivas",CIN,"WR108","6","-","-","4 out of 5 stars","-"
"314",10,"DeMario Douglas",NE,"WR109","11","-","-","2 out of 5 stars","-"
"315",10,"Jake Tonges",SF,"TE38","8","-","-","3 out of 5 stars","-19"
"316",10,"Jaleel McLaughlin",CLE,"RB97","11","-","-","3 out of 5 stars","-"
"317",10,"Jarquez Hunter",FA,"RB98","-","-","-","-","-"
"318",10,"Brandon Aiyuk",SF,"WR110","8","2 out of 5","5 out of 5","2 out of 5 stars","+2"
"319",10,"Chicago Bears",CHI,"DST21","10","-","-","2 out of 5 stars","-105"
"320",10,"Darnell Washington",PIT,"TE39","9","-","-","2 out of 5 stars","-"
"321",10,"Charlie Kolar",LAC,"TE40","7","-","-","4 out of 5 stars","-"
"322",10,"Kareem Hunt",FA,"RB99","-","-","-","-","-"
"323",10,"Michael Mayer",LV,"TE41","13","-","-","3 out of 5 stars","-"
"324",10,"Jahan Dotson",ATL,"WR111","11","-","-","3 out of 5 stars","-16"
"325",10,"Oscar Delp",NO,"TE42","8","4 out of 5","4 out of 5","2 out of 5 stars","-"
"326",10,"Tyreek Hill",FA,"WR112","-","1 out of 5","5 out of 5","-","-124"
"327",10,"Charlie Smyth",NO,"K18","8","-","-","5 out of 5 stars","-"
"328",10,"Xavier Hutchinson",HOU,"WR113","8","-","-","3 out of 5 stars","-"
"329",10,"Bryce Lance",NO,"WR114","8","-","-","3 out of 5 stars","-"
"330",10,"Carson Beck",ARI,"QB36","14","-","-","2 out of 5 stars","-"
"331",10,"Elijah Arroyo",SEA,"TE43","11","-","-","3 out of 5 stars","-"
"332",10,"Jalen Tolbert",MIA,"WR115","6","-","-","3 out of 5 stars","-"
"333",10,"Bam Knight",ARI,"RB100","14","-","-","2 out of 5 stars","-"
"334",10,"Eli Raridon",NE,"TE44","11","-","-","4 out of 5 stars","-"
"335",10,"Dawson Knox",BUF,"TE45","7","-","-","3 out of 5 stars","-"
"336",10,"Erick All Jr.",CIN,"TE46","6","-","-","3 out of 5 stars","-"
"337",10,"Tez Johnson",TB,"WR116","10","-","-","4 out of 5 stars","-"
"338",10,"Kendrick Bourne",ARI,"WR117","14","-","-","2 out of 5 stars","-"
"339",10,"Cole Kmet",CHI,"TE47","10","-","-","2 out of 5 stars","-"
"340",10,"Jacob Saylors",DET,"RB101","6","-","-","5 out of 5 stars","-49"
"341",10,"Dallas Cowboys",DAL,"DST22","14","-","-","1 out of 5 stars","-135"
"342",10,"Joe Mixon",FA,"RB102","-","-","-","-","-"
"343",10,"Tyler Higbee",LAR,"TE48","11","-","-","4 out of 5 stars","-"
"344",10,"Noah Gray",KC,"TE49","5","-","-","4 out of 5 stars","-"
"345",10,"Jake Elliott",PHI,"K19","10","-","-","5 out of 5 stars","-102"
"346",10,"Joshua Palmer",BUF,"WR118","7","-","-","4 out of 5 stars","-"
"347",10,"Luke McCaffrey",WAS,"WR119","7","-","-","2 out of 5 stars","-"
"348",10,"Mac Jones",SF,"QB37","8","-","-","1 out of 5 stars","-"
"349",11,"Jalen Royals",KC,"WR120","5","-","-","2 out of 5 stars","-"
"350",11,"Brenen Thompson",LAC,"WR121","7","-","-","2 out of 5 stars","-"
"351",11,"Malik Benson",LV,"WR122","13","-","-","2 out of 5 stars","-"
"352",11,"Konata Mumpfield",LAR,"WR123","11","-","-","1 out of 5 stars","-"
"353",11,"J.J. McCarthy",MIN,"QB38","6","-","-","5 out of 5 stars","-"
"354",11,"Max Klare",LAR,"TE50","11","-","-","4 out of 5 stars","-"
"355",11,"Ja'Tavion Sanders",CAR,"TE51","5","-","-","2 out of 5 stars","-"
"356",11,"Treylon Burks",WAS,"WR124","7","-","-","2 out of 5 stars","-"
"357",11,"Olamide Zaccheaus",ATL,"WR125","11","-","-","3 out of 5 stars","-"
"358",11,"Zavion Thomas",CHI,"WR126","10","-","-","3 out of 5 stars","-"
"359",11,"Justin Fields",KC,"QB39","5","-","-","2 out of 5 stars","-"
"360",11,"Roman Wilson",PIT,"WR127","9","-","-","3 out of 5 stars","-"
"361",11,"Ty Simpson",LAR,"QB40","11","-","-","3 out of 5 stars","-"
"362",11,"Kalif Raymond",CHI,"WR128","10","-","-","3 out of 5 stars","-"
"363",11,"Roschon Johnson",CHI,"RB103","10","-","-","2 out of 5 stars","-"
"364",11,"Tyler Bass",BUF,"K20","7","-","-","2 out of 5 stars","-123"
"365",11,"Eli Heidenreich",PIT,"RB104","9","-","-","2 out of 5 stars","-"
"366",11,"KaVontae Turpin",DAL,"WR129","14","-","-","2 out of 5 stars","-"
"367",11,"Raheim Sanders",CLE,"RB105","11","-","-","3 out of 5 stars","-"
"368",11,"Cedric Tillman",NO,"WR130","8","-","-","3 out of 5 stars","-"
"369",11,"Chris Brazzell II",CAR,"WR131","5","-","-","2 out of 5 stars","-"
"370",11,"Demarcus Robinson",SF,"WR132","8","-","-","2 out of 5 stars","-"
"371",11,"Michael Carter",TEN,"RB106","9","-","-","3 out of 5 stars","-"
"372",11,"Carolina Panthers",CAR,"DST23","5","-","-","3 out of 5 stars","-"
"373",11,"New York Giants",NYG,"DST24","8","-","-","1 out of 5 stars","-143"
"374",11,"Anthony Richardson Sr.",IND,"QB41","13","-","-","4 out of 5 stars","-"
"375",11,"Kevin Coleman Jr.",MIA,"WR133","6","-","-","3 out of 5 stars","-"
"376",11,"Trey Smack",GB,"K21","11","-","-","4 out of 5 stars","-173"
"377",11,"Noah Fant",NO,"TE52","8","-","-","2 out of 5 stars","-"
"378",11,"Savion Williams",GB,"WR134","11","-","-","5 out of 5 stars","-"
"379",11,"Colbie Young",CIN,"WR135","6","-","-","4 out of 5 stars","-"
"380",11,"Tutu Atwell",LAR,"WR136","11","-","-","1 out of 5 stars","-"
"381",11,"Tampa Bay Buccaneers",TB,"DST25","10","-","-","4 out of 5 stars","-"
"382",11,"Sione Vaki",DET,"RB107","6","-","-","5 out of 5 stars","-"
"383",11,"Dont'e Thornton Jr.",LV,"WR137","13","-","-","2 out of 5 stars","-"
"384",11,"Rasheen Ali",BAL,"RB108","13","-","-","3 out of 5 stars","-"
"385",11,"Tommy Tremble",CAR,"TE53","5","-","-","2 out of 5 stars","-"
"386",11,"Joe Flacco",CIN,"QB42","6","-","-","3 out of 5 stars","-"
"387",11,"Ben Sinnott",WAS,"TE54","7","-","-","1 out of 5 stars","-"
"388",11,"Odell Beckham Jr.",NYG,"WR138","8","-","-","4 out of 5 stars","-108"
"389",11,"J'Mari Taylor",JAC,"RB109","7","-","-","4 out of 5 stars","-"
"390",11,"Jaylin Lane",WAS,"WR139","7","-","-","2 out of 5 stars","-"
"391",11,"John Metchie III",CAR,"WR140","5","-","-","2 out of 5 stars","-"
"392",11,"Jawhar Jordan",HOU,"RB110","8","-","-","4 out of 5 stars","-"
"393",11,"Kyle Juszczyk",SF,"RB111","8","-","-","2 out of 5 stars","-"
"394",11,"Daniel Bellinger",TEN,"TE55","9","-","-","3 out of 5 stars","-"
"395",11,"Mitchell Evans",CAR,"TE56","5","-","-","2 out of 5 stars","-"
"396",11,"CJ Daniels",LAR,"WR141","11","-","-","1 out of 5 stars","-"
"397",11,"Jameis Winston",NYG,"QB43","8","-","-","4 out of 5 stars","-"
"398",11,"Jonnu Smith",GB,"TE57","11","-","-","2 out of 5 stars","-"
"399",11,"Barion Brown",NO,"WR142","8","-","-","3 out of 5 stars","-"
"400",11,"Marcus Mariota",WAS,"QB44","7","-","-","2 out of 5 stars","-"
"401",11,"Dylan Laube",LV,"RB112","13","-","-","2 out of 5 stars","-"
"402",11,"Justin Joly",MIA,"TE58","6","-","-","5 out of 5 stars","-"
"403",11,"Austin Hooper",ATL,"TE59","11","-","-","3 out of 5 stars","-"
"404",11,"Jordan Whittington",LAR,"WR143","11","-","-","1 out of 5 stars","-"
"405",11,"Spencer Shrader",IND,"K22","13","-","-","4 out of 5 stars","-153"
"406",11,"Elijah Higgins",ARI,"TE60","14","-","-","2 out of 5 stars","-"
"407",11,"Ashton Dulin",IND,"WR144","13","-","-","4 out of 5 stars","-"
"408",11,"Austin Ekeler",FA,"RB113","-","-","-","-","-158"
"409",11,"Cade Klubnik",NYJ,"QB45","13","-","-","4 out of 5 stars","-"
"410",11,"Cincinnati Bengals",CIN,"DST26","6","-","-","4 out of 5 stars","-"
"411",11,"Marlin Klein",HOU,"TE61","8","-","-","4 out of 5 stars","-"
"412",11,"Daniel Carlson",NO,"K23","8","-","-","5 out of 5 stars","-"
"413",11,"Jeremy McNichols",WAS,"RB114","7","-","-","4 out of 5 stars","-"
"414",11,"Tennessee Titans",TEN,"DST27","9","-","-","2 out of 5 stars","-96"
"415",11,"Jam Miller",FA,"RB115","-","-","-","-","-"
"416",11,"Corey Kiner",NE,"RB116","11","-","-","2 out of 5 stars","-"
"417",11,"Devontez Walker",BAL,"WR145","13","-","-","4 out of 5 stars","-"
"418",11,"Adam Trautman",DEN,"TE62","10","-","-","4 out of 5 stars","-"
"419",11,"Ronnie Rivers",LAR,"RB117","11","-","-","5 out of 5 stars","-"
"420",11,"Tai Felton",MIN,"WR146","6","-","-","5 out of 5 stars","-"
"421",11,"Zane Gonzalez",FA,"K24","-","-","-","-","-"
"422",11,"Hunter Luepke",DAL,"RB118","14","-","-","4 out of 5 stars","-"
"423",11,"Matt Hibner",BAL,"TE63","13","-","-","4 out of 5 stars","-"
"424",11,"Dyami Brown",WAS,"WR147","7","-","-","2 out of 5 stars","-"
"425",11,"Luke Musgrave",GB,"TE64","11","-","-","2 out of 5 stars","-"
"426",12,"Deion Burks",IND,"WR148","13","-","-","4 out of 5 stars","-"
"427",12,"AJ Dillon",CAR,"RB119","5","-","-","1 out of 5 stars","-"
"428",12,"Josh Oliver",MIN,"TE65","6","-","-","4 out of 5 stars","-"
"429",12,"Phil Mafah",FA,"RB120","-","-","-","-","-"
"430",12,"Dameon Pierce",PHI,"RB121","10","-","-","4 out of 5 stars","-"
"431",12,"Jimmy Horn Jr.",CAR,"WR149","5","-","-","2 out of 5 stars","-"
"432",12,"Jahdae Walker",CHI,"WR150","10","-","-","3 out of 5 stars","-"
"433",12,"Nick Westbrook-Ikhine",FA,"WR151","-","-","-","-","-"
"434",12,"Reggie Gilliam",NE,"RB122","11","-","-","2 out of 5 stars","-"
"435",12,"Jackson Hawes",BUF,"TE66","7","-","-","3 out of 5 stars","-"
"436",12,"Blake Grupe",NYJ,"K25","13","-","-","2 out of 5 stars","-"
"437",12,"Ameer Abdullah",JAC,"RB123","7","-","-","4 out of 5 stars","-"
"438",12,"Max Bredeson",MIN,"RB124","6","-","-","4 out of 5 stars","-"
"439",12,"Las Vegas Raiders",LV,"DST28","13","-","-","4 out of 5 stars","-151"
"440",12,"Tanner Koziol",JAC,"TE67","7","-","-","3 out of 5 stars","-"
"441",12,"Tyler Badie",DEN,"RB125","10","-","-","2 out of 5 stars","-"
"442",12,"John Bates",WAS,"TE68","7","-","-","1 out of 5 stars","-"
"443",12,"Elijah Moore",PHI,"WR152","10","-","-","4 out of 5 stars","-"
"444",12,"Miami Dolphins",MIA,"DST29","6","-","-","3 out of 5 stars","-"
"445",12,"Joe Milton III",DAL,"QB46","14","-","-","2 out of 5 stars","-"
"446",12,"Josh Williams",TB,"RB126","10","-","-","2 out of 5 stars","-"
"447",12,"Antonio Williams",FA,"RB127","-","-","-","-","-"
"448",12,"Tanner Hudson",CIN,"TE69","6","-","-","3 out of 5 stars","-"
"449",12,"Tyler Goodson",ATL,"RB128","11","-","-","2 out of 5 stars","-"
"450",12,"Tim Patrick",NYJ,"WR153","13","-","-","4 out of 5 stars","-"
"451",12,"Isaiah Williams",NYJ,"WR154","13","-","-","4 out of 5 stars","-"
"452",12,"Khalil Herbert",FA,"RB129","-","-","-","-","-"
"453",12,"Will Kacmarek",MIA,"TE70","6","-","-","5 out of 5 stars","-"
"454",12,"Chad Ryland",ARI,"K26","14","-","-","2 out of 5 stars","-"
"455",12,"Julius Chestnut",TEN,"RB130","9","-","-","3 out of 5 stars","-"
"456",12,"Dohnte Meyers",CIN,"WR155","6","-","-","4 out of 5 stars","-"
"457",12,"Nate Boerkircher",JAC,"TE71","7","-","-","3 out of 5 stars","-"
"458",12,"Brock Wright",DET,"TE72","6","-","-","3 out of 5 stars","-"
"459",12,"Brandon McManus",FA,"K27","-","-","-","-","-"
"460",12,"Antonio Gibson",FA,"RB131","-","-","-","-","-"
"461",12,"Joey Slye",TEN,"K28","9","-","-","4 out of 5 stars","-"
"462",12,"Nick Folk",ATL,"K29","11","-","-","0 out of 5 stars","-223"
"463",12,"Ryan Fitzgerald",CAR,"K30","5","-","-","0 out of 5 stars","-"
"464",12,"Zavier Scott",CHI,"RB132","10","-","-","2 out of 5 stars","-"
"465",12,"Luke Schoonmaker",DAL,"TE73","14","-","-","2 out of 5 stars","-"
"466",12,"Damien Martinez",FA,"RB133","-","-","-","-","-"
"467",12,"Washington Commanders",WAS,"DST30","7","-","-","2 out of 5 stars","-"
"468",12,"Xavier Smith",LAR,"WR156","11","-","-","1 out of 5 stars","-"
"469",12,"Alec Ingold",LAC,"RB134","7","-","-","3 out of 5 stars","-"
"470",12,"New York Jets",NYJ,"DST31","13","-","-","4 out of 5 stars","-"
"471",12,"Patrick Ricard",NYG,"RB135","8","-","-","4 out of 5 stars","-"
"472",12,"Foster Moreau",HOU,"TE74","8","-","-","4 out of 5 stars","-"
"473",12,"Drew Stevens",WAS,"K31","7","-","-","5 out of 5 stars","-"
"474",12,"Durham Smythe",BAL,"TE75","13","-","-","4 out of 5 stars","-"
"475",12,"Chris Blair",ATL,"WR157","11","-","-","3 out of 5 stars","-"
"476",12,"Robert Henry Jr.",WAS,"RB136","7","-","-","4 out of 5 stars","-"
"477",12,"Josh Cameron",JAC,"WR158","7","-","-","4 out of 5 stars","-"
"478",12,"Zach Ertz",FA,"TE76","-","-","-","-","-"
"479",12,"Tommy Myers",FA,"TE77","-","-","-","-","-"
"480",12,"Brittain Brown",CHI,"RB137","10","-","-","2 out of 5 stars","-140"
"481",12,"Tyler Lockett",LV,"WR159","13","-","-","2 out of 5 stars","-"
"482",12,"Jelani Woods",NYJ,"TE78","13","-","-","4 out of 5 stars","-"
"483",12,"Reggie Virgil",ARI,"WR160","14","-","-","2 out of 5 stars","-"
"484",12,"Kene Nwangwu",NYJ,"RB138","13","-","-","3 out of 5 stars","-"
"485",12,"Tay Martin",DET,"WR161","6","-","-","4 out of 5 stars","-"
"486",12,"Greg Dortch",BUF,"WR162","7","-","-","4 out of 5 stars","-"
"487",12,"Lew Nichols III",PIT,"RB139","9","-","-","2 out of 5 stars","-"
"488",12,"Taylen Green",CLE,"QB47","11","-","-","4 out of 5 stars","-"
"489",12,"Tyrod Taylor",GB,"QB48","11","-","-","4 out of 5 stars","-"
"490",12,"Marquez Valdes-Scantling",FA,"WR163","-","-","-","-","-"
"491",12,"Lil'Jordan Humphrey",DEN,"WR164","10","-","-","2 out of 5 stars","-"
"492",12,"Arizona Cardinals",ARI,"DST32","14","-","-","2 out of 5 stars","-"
"493",12,"Drew Sample",CIN,"TE79","6","-","-","3 out of 5 stars","-"
"494",12,"Sam Roush",CHI,"TE80","10","-","-","2 out of 5 stars","-"
"495",12,"Kevin Austin Jr.",NO,"WR165","8","-","-","3 out of 5 stars","-"
"496",12,"Mo Alie-Cox",IND,"TE81","13","-","-","3 out of 5 stars","-"
"497",12,"Josh Cuevas",BAL,"TE82","13","-","-","4 out of 5 stars","-"
"498",12,"Seydou Traore",MIA,"TE83","6","-","-","5 out of 5 stars","-"
"499",12,"Isaiah Williams",FA,"WR166","-","-","-","-","-"
"500",12,"Jonathan Mingo",DAL,"WR167","14","-","-","2 out of 5 stars","-"
"501",12,"Michael Trigg",DAL,"TE84","14","-","-","2 out of 5 stars","-"
"502",12,"Kaden Wetjen",PIT,"WR168","9","-","-","3 out of 5 stars","-"
"503",12,"Trey Sermon",ATL,"RB140","11","-","-","2 out of 5 stars","-"
"504",12,"Terrell Jennings",FA,"RB141","-","-","-","-","-"
"505",12,"Joe Royer",CLE,"TE85","11","-","-","3 out of 5 stars","-"
"506",12,"Jordan Watkins",SF,"WR169","8","-","-","2 out of 5 stars","-"
"507",12,"Efton Chism III",NE,"WR170","11","-","-","2 out of 5 stars","-"
"508",12,"Miles Sanders",FA,"RB142","-","-","-","-","-"
"509",12,"Zamir White",NO,"RB143","8","-","-","3 out of 5 stars","-"
"510",12,"DeAndre Hopkins",BAL,"WR171","13","-","-","4 out of 5 stars","-"
"511",12,"Luke Farrell",SF,"TE86","8","-","-","3 out of 5 stars","-"
"512",12,"Cade Stover",HOU,"TE87","8","-","-","4 out of 5 stars","-"
"513",12,"Nate Adkins",DEN,"TE88","10","-","-","4 out of 5 stars","-"
"514",12,"Xavier Restrepo",TEN,"WR172","9","-","-","3 out of 5 stars","-"
"515",12,"Jeremy Ruckert",NYJ,"TE89","13","-","-","4 out of 5 stars","-"
"516",12,"Dominic Zvada",NYG,"K32","8","-","-","2 out of 5 stars","-221"
"517",12,"Jalen Brooks",ARI,"WR173","14","-","-","2 out of 5 stars","-"
"518",12,"Bauer Sharp",TB,"TE90","10","-","-","2 out of 5 stars","-"
"519",12,"Kalel Mullings",TEN,"RB144","9","-","-","3 out of 5 stars","-"
"520",12,"Charlie Woerner",ATL,"TE91","11","-","-","3 out of 5 stars","-"
"521",12,"Riley Leonard",IND,"QB49","13","-","-","4 out of 5 stars","-"
"522",12,"Grant Calcaterra",PHI,"TE92","10","-","-","4 out of 5 stars","-"
"523",12,"Drew Ogletree",IND,"TE93","13","-","-","3 out of 5 stars","-"
"524",12,"Tom Kennedy",DET,"WR174","6","-","-","4 out of 5 stars","-"
"525",12,"Brevyn Spann-Ford",DAL,"TE94","14","-","-","2 out of 5 stars","-"
"526",12,"Jaydn Ott",KC,"RB145","5","-","-","3 out of 5 stars","-"
"527",12,"Myles Montgomery",FA,"RB146","-","-","-","-","-"
"528",12,"Davis Allen",LAR,"TE95","11","-","-","4 out of 5 stars","-"
"529",12,"Myles Price",MIN,"WR175","6","-","-","5 out of 5 stars","-"
"530",12,"Ben Sims",MIA,"TE96","6","-","-","5 out of 5 stars","-"
"531",12,"Johnny Mundt",PHI,"TE97","10","-","-","4 out of 5 stars","-"
"532",12,"Josh Whyle",GB,"TE98","11","-","-","2 out of 5 stars","-"
"533",12,"Julian Hill",NE,"TE99","11","-","-","4 out of 5 stars","-"
"534",12,"Noah Whittington",HOU,"RB147","8","-","-","4 out of 5 stars","-"
"535",12,"Tyler Conklin",DET,"TE100","6","-","-","3 out of 5 stars","-"
"536",12,"Jared Wiley",KC,"TE101","5","-","-","4 out of 5 stars","-"
"537",12,"Eric Saubert",SEA,"TE102","11","-","-","3 out of 5 stars","-"
"538",12,"Payne Durham",TB,"TE103","10","-","-","2 out of 5 stars","-"
"539",12,"Jared Wayne",HOU,"WR176","8","-","-","3 out of 5 stars","-"
"540",12,"Ian Thomas",LV,"TE104","13","-","-","3 out of 5 stars","-"
"541",12,"Theo Wease Jr.",LAC,"WR177","7","-","-","2 out of 5 stars","-"
"542",12,"Frank Gore Jr.",BUF,"RB148","7","-","-","2 out of 5 stars","-"
"543",13,"Bo Melton",GB,"WR178","11","-","-","5 out of 5 stars","-"
"544",13,"Moliki Matavao",NO,"TE105","8","-","-","2 out of 5 stars","-"
"545",13,"Will Mallory",IND,"TE106","13","-","-","3 out of 5 stars","-"
"546",13,"KeAndre Lambert-Smith",LAC,"WR179","7","-","-","2 out of 5 stars","-"
"547",13,"Hunter Long",ARI,"TE107","14","-","-","2 out of 5 stars","-"
"548",13,"Mitch Tinsley",HOU,"WR180","8","-","-","3 out of 5 stars","-"
"549",13,"Jacob Cowing",SF,"WR181","8","-","-","2 out of 5 stars","-"
"550",13,"Blake Whiteheart",CLE,"TE108","11","-","-","3 out of 5 stars","-"
"551",13,"Casey Washington",CAR,"WR182","5","-","-","2 out of 5 stars","-249"
"552",13,"Darius Cooper",PHI,"WR183","10","-","-","4 out of 5 stars","-"
"553",13,"Brycen Tremayne",CAR,"WR184","5","-","-","2 out of 5 stars","-"
"554",13,"Kylen Granson",TEN,"TE109","9","-","-","3 out of 5 stars","-"
"555",13,"Adam Prentice",DEN,"RB149","10","-","-","2 out of 5 stars","-"
"556",13,"Jalen Milroe",SEA,"QB50","11","-","-","4 out of 5 stars","-"
"557",13,"British Brooks",HOU,"RB150","8","-","-","4 out of 5 stars","-"
"558",13,"Davis Mills",HOU,"QB51","8","-","-","4 out of 5 stars","-"
"559",13,"Travis Homer",PIT,"RB151","9","-","-","2 out of 5 stars","-"
"560",13,"JuJu Smith-Schuster",FA,"WR185","-","-","-","-","-"
"561",13,"Jalen Reagor",FA,"WR186","-","-","-","-","-230"
"562",13,"David Moore",CAR,"WR187","5","-","-","2 out of 5 stars","-"
"563",13,"Kendrick Law",DET,"WR188","6","-","-","4 out of 5 stars","-"
"564",13,"Trey Lance",LAC,"QB52","7","-","-","2 out of 5 stars","-"
"565",13,"Scotty Miller",CHI,"WR189","10","-","-","3 out of 5 stars","-"
"566",13,"Tyson Bagent",CHI,"QB53","10","-","-","3 out of 5 stars","-"
"567",13,"Drew Allar",PIT,"QB54","9","-","-","2 out of 5 stars","-"
"568",13,"Tyrell Shavers",BUF,"WR190","7","-","-","4 out of 5 stars","-"
"569",13,"Riley Nowakowski",PIT,"TE110","9","-","-","2 out of 5 stars","-"
"570",13,"Jake Briningstool",KC,"TE111","5","-","-","4 out of 5 stars","-"
"571",13,"Brevin Jordan",HOU,"TE112","8","-","-","4 out of 5 stars","-293"
"572",13,"Kameron Johnson",TB,"WR191","10","-","-","4 out of 5 stars","-"
"573",13,"Gardner Minshew II",ARI,"QB55","14","-","-","2 out of 5 stars","-"
"574",13,"Arian Smith",NYJ,"WR192","13","-","-","4 out of 5 stars","-"
"575",13,"Mecole Hardman Jr.",FA,"WR193","-","-","-","-","-"
"576",13,"Tip Reiman",ARI,"TE113","14","-","-","2 out of 5 stars","-"
"577",13,"Nathan Carter",KC,"RB152","5","-","-","3 out of 5 stars","-"
"578",13,"Mason Rudolph",PIT,"QB56","9","-","-","2 out of 5 stars","-"
"579",13,"Derius Davis",LAC,"WR194","7","-","-","2 out of 5 stars","-"
"580",13,"Mason Tipton",NO,"WR195","8","-","-","3 out of 5 stars","-"
"581",13,"Teagan Quitoriano",ARI,"TE114","14","-","-","2 out of 5 stars","-"
"582",13,"Jake Bobo",SEA,"WR196","11","-","-","3 out of 5 stars","-"
"583",13,"Laquon Treadwell",IND,"WR197","13","-","-","4 out of 5 stars","-"
"584",13,"Brayden Willis",SF,"TE115","8","-","-","3 out of 5 stars","-"
"585",13,"Ben Sauls",FA,"K33","-","-","-","-","-"
"586",13,"DeeJay Dallas",MIN,"RB153","6","-","-","4 out of 5 stars","-"
"587",13,"Jack Endries",CIN,"TE116","6","-","-","3 out of 5 stars","-"
"588",13,"Carsen Ryan",CLE,"TE117","11","-","-","3 out of 5 stars","-"
"589",13,"Jake Moody",BAL,"K34","13","-","-","3 out of 5 stars","-"
"590",13,"Skyy Moore",GB,"WR198","11","-","-","5 out of 5 stars","-"
"591",13,"Will Dissly",FA,"TE118","-","-","-","-","-"
"592",13,"Velus Jones Jr.",SEA,"WR199","11","-","-","3 out of 5 stars","-"
"593",13,"Cam Akers",FA,"RB154","-","-","-","-","-"
"594",13,"Brandin Cooks",FA,"WR200","-","-","-","-","-"
"595",13,"Michael Burton",CLE,"RB155","11","-","-","3 out of 5 stars","-"
"596",13,"Donovan Edwards",FA,"RB156","-","-","-","-","-"
"597",13,"Kendall Milton",CIN,"RB157","6","-","-","2 out of 5 stars","-"
"598",13,"Dominic Lovett",DET,"WR201","6","-","-","4 out of 5 stars","-"
"599",13,"Quinn Ewers",JAC,"QB57","7","-","-","4 out of 5 stars","-"
"600",13,"Malachi Corley",CLE,"WR202","11","-","-","3 out of 5 stars","-"
"601",13,"Craig Reynolds",WAS,"RB158","7","-","-","4 out of 5 stars","-"
"602",13,"Jacardia Wright",SEA,"RB159","11","-","-","4 out of 5 stars","-"
"603",13,"Jamari Thrash",CLE,"WR203","11","-","-","3 out of 5 stars","-"
"604",13,"Lan Larison",NE,"RB160","11","-","-","2 out of 5 stars","-"
"605",13,"Tylan Wallace",CLE,"WR204","11","-","-","3 out of 5 stars","-"
"606",13,"Chris Manhertz",NYG,"TE119","8","-","-","3 out of 5 stars","-"
"607",13,"Jake Browning",FA,"QB58","-","-","-","-","-"
"608",13,"Dallen Bentley",DEN,"TE120","10","-","-","4 out of 5 stars","-"
"609",13,"Nikko Remigio",KC,"WR205","5","-","-","2 out of 5 stars","-"
"610",13,"Bryce Oliver",CLE,"WR206","11","-","-","3 out of 5 stars","-"
"611",13,"Carson Steele",PHI,"RB161","10","-","-","4 out of 5 stars","-"
"612",13,"Stone Smartt",NO,"TE121","8","-","-","2 out of 5 stars","-305"
"613",13,"Gavin Bartholomew",MIN,"TE122","6","-","-","4 out of 5 stars","-324"
"614",13,"Ko Kieft",TB,"TE123","10","-","-","2 out of 5 stars","-"
"615",13,"Montorie Foster Jr.",SEA,"WR207","11","-","-","3 out of 5 stars","-"
"616",13,"Keleki Latu",BUF,"TE124","7","-","-","3 out of 5 stars","-"
"617",13,"Hassan Haskins",NE,"RB162","11","-","-","2 out of 5 stars","-"
"618",13,"Israel Abanikanda",DAL,"RB163","14","-","-","4 out of 5 stars","-"
"619",13,"Nick Kallerup",SEA,"TE125","11","-","-","3 out of 5 stars","-"
"620",13,"Connor Heyward",LV,"TE126","13","-","-","3 out of 5 stars","-"
"621",13,"Ben Yurosek",MIN,"TE127","6","-","-","4 out of 5 stars","-"
"622",13,"David Sills V",TB,"WR208","10","-","-","4 out of 5 stars","-"
"623",13,"Van Jefferson",FA,"WR209","-","-","-","-","-"
"624",13,"Ben Skowronek",PIT,"WR210","9","-","-","3 out of 5 stars","-"
"625",13,"Dante Miller",FA,"RB164","-","-","-","-","-"
"626",13,"LaJohntay Wester",BAL,"WR211","13","-","-","4 out of 5 stars","-"
"627",13,"Jeshaun Jones",MIN,"WR212","6","-","-","5 out of 5 stars","-"
"628",13,"Ray-Ray McCloud III",FA,"WR213","-","-","-","-","-"
"629",13,"Jack Stoll",FA,"TE128","-","-","-","-","-"
"630",13,"Mitchell Trubisky",TEN,"QB59","9","-","-","3 out of 5 stars","-"
"631",13,"Emmanuel Henderson Jr.",SEA,"WR214","11","-","-","3 out of 5 stars","-"
"632",13,"Colson Yankoff",WAS,"TE129","7","-","-","1 out of 5 stars","-"
"633",13,"Dareke Young",LV,"WR215","13","-","-","2 out of 5 stars","-"
"634",13,"Quintin Morris",JAC,"TE130","7","-","-","3 out of 5 stars","-"
"635",13,"Jalin Hyatt",NYG,"WR216","8","-","-","4 out of 5 stars","-"
"636",13,"Ke'Shawn Williams",CIN,"WR217","6","-","-","4 out of 5 stars","-"
"637",13,"Kaleb Jackson",FA,"RB165","-","-","-","-","-"
"638",13,"Hayden Large",CHI,"TE131","10","-","-","2 out of 5 stars","-"
"639",13,"Jarrett Stidham",DEN,"QB60","10","-","-","3 out of 5 stars","-"
"640",13,"CJ Donaldson",NO,"RB166","8","-","-","3 out of 5 stars","-"
"641",13,"Devin Culp",FA,"TE132","-","-","-","-","-"
"642",13,"Spencer Rattler",NO,"QB61","8","-","-","3 out of 5 stars","-"
"643",13,"Sam Howell",DAL,"QB62","14","-","-","2 out of 5 stars","-"
"644",13,"Thomas Fidone II",NYG,"TE133","8","-","-","3 out of 5 stars","-"
"645",13,"Devin Duvernay",ARI,"WR218","14","-","-","2 out of 5 stars","-"
"646",13,"Eric Gray",FA,"RB167","-","-","-","-","-"
"647",14,"Tommy DeVito",NE,"QB63","11","-","-","2 out of 5 stars","-"
"648",14,"Andy Dalton",PHI,"QB64","10","-","-","5 out of 5 stars","-"
"649",14,"CJ Dippre",TB,"TE134","10","-","-","2 out of 5 stars","-"
"650",14,"Joshua Dobbs",DET,"QB65","6","-","-","5 out of 5 stars","-"
"651",14,"Anthony Gould",FA,"WR219","-","-","-","-","-"
"652",14,"Diontae Johnson",FA,"WR220","-","-","-","-","-"
"653",14,"Cash Jones",ATL,"RB168","11","-","-","2 out of 5 stars","-"
"654",14,"Nick Vannett",BAL,"TE135","13","-","-","4 out of 5 stars","-"
"655",14,"Jack Westover",WAS,"TE136","7","-","-","1 out of 5 stars","-"
"656",14,"Dillon Gabriel",CLE,"QB66","11","-","-","4 out of 5 stars","-"
"657",14,"Kyle McCord",MIA,"QB67","6","-","-","3 out of 5 stars","-"
"658",14,"Sincere McCormick",SF,"RB169","8","-","-","2 out of 5 stars","-"
"659",14,"Raheem Blackshear",FA,"RB170","-","-","-","-","-"
"660",14,"Dean Connors",LAR,"RB171","11","-","-","5 out of 5 stars","-"
"661",14,"Cole Turner",MIA,"TE137","6","-","-","5 out of 5 stars","-"
"662",14,"Mark Redman",GB,"TE138","11","-","-","2 out of 5 stars","-"
"663",14,"Tanner Arkin",NE,"TE139","11","-","-","4 out of 5 stars","-"
"664",14,"CJ Williams",JAC,"WR221","7","-","-","4 out of 5 stars","-"
"665",14,"Miles Kitselman",FA,"TE140","-","-","-","-","-"
"666",14,"Pierre Strong Jr.",GB,"RB172","11","-","-","4 out of 5 stars","-"
"667",14,"Ryan Miller",MIA,"WR222","6","-","-","3 out of 5 stars","-"
"668",14,"Albert Okwuegbunam Jr.",FA,"TE141","-","-","-","-","-"
"669",14,"Carson Wentz",MIN,"QB68","6","-","-","5 out of 5 stars","-"
"670",14,"Alexander Mattison",FA,"RB173","-","-","-","-","-"
"671",14,"Tanner McKee",PHI,"QB69","10","-","-","5 out of 5 stars","-"
"672",14,"Will Levis",FA,"QB70","-","-","-","-","-"
"673",14,"Zach Wilson",NO,"QB71","8","-","-","3 out of 5 stars","-"
"674",14,"Garrett Nussmeier",KC,"QB72","5","-","-","2 out of 5 stars","-"
"675",14,"Case Keenum",CHI,"QB73","10","-","-","3 out of 5 stars","-"
"676",14,"Cooper Rush",ATL,"QB74","11","-","-","4 out of 5 stars","-"
"677",14,"Hayden Rucci",JAC,"TE142","7","-","-","3 out of 5 stars","-"
"678",14,"Jermaine Burton",FA,"WR223","-","-","-","-","-"
"679",14,"Hendon Hooker",TEN,"QB75","9","-","-","3 out of 5 stars","-"
"680",14,"Aidan O'Connell",LV,"QB76","13","-","-","1 out of 5 stars","-"
"681",14,"KhaDarel Hodge",SF,"WR224","8","-","-","2 out of 5 stars","-"
"682",14,"Jeff Caldwell",KC,"WR225","5","-","-","2 out of 5 stars","-"
"683",14,"David Martin-Robinson",TEN,"TE143","9","-","-","3 out of 5 stars","-"
"684",14,"Cameron Latu",NE,"TE144","11","-","-","4 out of 5 stars","-"
"685",14,"Ulysses Bentley IV",FA,"RB174","-","-","-","-","-"
"686",14,"K.J. Osborn",TEN,"WR226","9","-","-","3 out of 5 stars","-"
"687",14,"Jabari Small",FA,"RB175","-","-","-","-","-"
"688",14,"Jermar Jefferson",MIN,"RB176","6","-","-","4 out of 5 stars","-"
"689",14,"Ahmani Marshall",CAR,"RB177","5","-","-","1 out of 5 stars","-"
"690",14,"Trent Sherfield Sr.",BUF,"WR227","7","-","-","4 out of 5 stars","-"
"691",14,"E.J. Jenkins",PHI,"TE145","10","-","-","4 out of 5 stars","-"
"692",14,"Carlos Washington Jr.",FA,"RB178","-","-","-","-","-"
"693",14,"Miles Davis",FA,"RB179","-","-","-","-","-387"
"694",14,"Khalil Dinkins",SF,"TE146","8","-","-","3 out of 5 stars","-"
"695",14,"Andre Szmyt",CLE,"K35","11","-","-","5 out of 5 stars","-"
"696",14,"Simi Fehoko",ARI,"WR228","14","-","-","2 out of 5 stars","-"
"697",14,"Tyler Huntley",BAL,"QB77","13","-","-","3 out of 5 stars","-"
"698",14,"Zay Jones",FA,"WR229","-","-","-","-","-"
"699",14,"Ricky White III",SEA,"WR230","11","-","-","3 out of 5 stars","-"
"700",14,"Gunner Olszewski",NYG,"WR231","8","-","-","4 out of 5 stars","-"
"701",14,"Xavier Weaver",FA,"WR232","-","-","-","-","-"
"702",14,"Jalon Daniels",TB,"QB78","10","-","-","2 out of 5 stars","-"
"703",14,"Brandon Johnson",PIT,"WR233","9","-","-","3 out of 5 stars","-"
"704",14,"Josiah Deguara",FA,"TE147","-","-","-","-","-"
"705",14,"Pharaoh Brown",IND,"TE148","13","-","-","3 out of 5 stars","-"
"706",14,"Tyler Johnson",FA,"WR234","-","-","-","-","-"
"707",14,"Beaux Collins",ATL,"WR235","11","-","-","3 out of 5 stars","-"
"708",14,"Deven Thompkins",LV,"WR236","13","-","-","2 out of 5 stars","-"
"709",14,"Jason Sanders",FA,"K36","-","-","-","-","-"
"710",14,"Kenny Pickett",CAR,"QB79","5","-","-","2 out of 5 stars","-"
"711",14,"Sterling Shepard",FA,"WR237","-","-","-","-","-"
"712",14,"Lucas Krull",DEN,"TE149","10","-","-","4 out of 5 stars","-"
"713",14,"Caleb Lohner",DEN,"TE150","10","-","-","4 out of 5 stars","-"
"714",14,"Jaren Kanak",TEN,"TE151","9","-","-","3 out of 5 stars","-"
"715",14,"Avery Williams",FA,"RB180","-","-","-","-","-"
"716",14,"Drew Lock",SEA,"QB80","11","-","-","4 out of 5 stars","-"
"717",14,"Kyle Allen",BUF,"QB81","7","-","-","3 out of 5 stars","-"
"718",14,"Ja'Quinden Jackson",FA,"RB181","-","-","-","-","-"
"719",14,"Tim Jones",JAC,"WR238","7","-","-","4 out of 5 stars","-"
"720",14,"Kenny McIntosh",FA,"RB182","-","-","-","-","-"
"721",14,"Trayveon Williams",FA,"RB183","-","-","-","-","-"
"722",14,"Jaret Patterson",FA,"RB184","-","-","-","-","-"
"723",14,"Jashaun Corbin",FA,"RB185","-","-","-","-","-"
"724",14,"Haynes King",CAR,"QB82","5","-","-","2 out of 5 stars","-"
"725",14,"Coleman Bennett",FA,"RB186","-","-","-","-","-"
"726",14,"J. Michael Sturdivant",GB,"WR239","11","-","-","5 out of 5 stars","-"
"727",14,"Drake Dabney",GB,"TE152","11","-","-","2 out of 5 stars","-"
"728",14,"Jack Strand",ATL,"QB83","11","-","-","4 out of 5 stars","-"
"729",14,"Austin Trammell",JAC,"WR240","7","-","-","4 out of 5 stars","-"
"730",14,"Michael Woods II",DEN,"WR241","10","-","-","2 out of 5 stars","-"
"731",14,"Montrell Johnson Jr.",FA,"RB187","-","-","-","-","-"
"732",14,"Jordan Akins",FA,"TE153","-","-","-","-","-"
"733",14,"Matt Gay",LV,"K37","13","-","-","1 out of 5 stars","-"
"734",14,"Will Howard",PIT,"QB84","9","-","-","2 out of 5 stars","-"
"735",14,"Harrison Bryant",FA,"TE154","-","-","-","-","-"
"736",14,"Charlie Jones",NYG,"WR242","8","-","-","4 out of 5 stars","-"
"737",14,"Ronnie Bell",LV,"WR243","13","-","-","2 out of 5 stars","-"
"738",14,"Zack Moss",FA,"RB188","-","-","-","-","-"
"739",14,"Braxton Berrios",NYG,"WR244","8","-","-","4 out of 5 stars","-"
"740",14,"Jaheim Bell",FA,"TE155","-","-","-","-","-"
"741",14,"Roman Hemby",LV,"RB189","13","-","-","2 out of 5 stars","-"
"742",14,"Sam Ehlinger",DEN,"QB85","10","-","-","3 out of 5 stars","-"
"743",14,"Wendell Smallwood",FA,"RB190","-","-","-","-","-398"
"744",14,"James Mitchell",DAL,"TE156","14","-","-","2 out of 5 stars","-"
"745",14,"Dylan Drummond",ATL,"WR245","11","-","-","3 out of 5 stars","-416"
"746",14,"Jonathan Williams",FA,"RB191","-","-","-","-","-"
"747",14,"Raheem Mostert",LV,"RB192","13","-","-","2 out of 5 stars","-"
"748",14,"Michael Bandy",DEN,"WR246","10","-","-","2 out of 5 stars","-"
"749",14,"Michael Briscoe",MIN,"WR247","6","-","-","5 out of 5 stars","-"
"750",14,"Nick Bawden",FA,"RB193","-","-","-","-","-"
"751",14,"Joel Wilson",TEN,"TE157","9","-","-","3 out of 5 stars","-"
"752",14,"Andrew Beck",NYJ,"RB194","13","-","-","3 out of 5 stars","-"
"753",14,"Carter Runyon",LV,"TE158","13","-","-","3 out of 5 stars","-"
"754",14,"Joe Fagnano",BAL,"QB86","13","-","-","3 out of 5 stars","-"
"755",14,"Juice Wells Jr.",FA,"WR248","-","-","-","-","-"
"756",14,"Tahj Washington",FA,"WR249","-","-","-","-","-"
"757",14,"Cole Payton",PHI,"QB87","10","-","-","5 out of 5 stars","-"
"758",14,"Athan Kaliakmanis",WAS,"QB88","7","-","-","2 out of 5 stars","-"
"759",14,"Riley Patterson",MIA,"K38","6","-","-","2 out of 5 stars","-"
"760",14,"D'Onta Foreman",FA,"RB195","-","-","-","-","-"
"761",14,"Nick Mullens",JAC,"QB89","7","-","-","4 out of 5 stars","-"
"762",14,"Isaiah Hodgins",FA,"WR250","-","-","-","-","-"
"763",14,"Dare Ogunbowale",LV,"RB196","13","-","-","2 out of 5 stars","-"
"764",14,"Gus Edwards",FA,"RB197","-","-","-","-","-"
"765",14,"Noah Togiai",FA,"TE159","-","-","-","-","-"
"766",14,"Tyrion Davis-Price",FA,"RB198","-","-","-","-","-"
"767",14,"Michael Wortham",JAC,"WR251","7","-","-","4 out of 5 stars","-"
"768",14,"Gary Brightwell",FA,"RB199","-","-","-","-","-"
"769",14,"Zach Gentry",FA,"TE160","-","-","-","-","-"
"770",14,"Johnny Wilson",PHI,"WR252","10","-","-","4 out of 5 stars","-"
"771",14,"Peyton Hendershot",FA,"TE161","-","-","-","-","-"
"772",14,"Tanner Conner",FA,"TE162","-","-","-","-","-"
"773",14,"Joshua Simon",WAS,"TE163","7","-","-","1 out of 5 stars","-"
"774",14,"Max Brosmer",MIN,"QB90","6","-","-","5 out of 5 stars","-"
"775",14,"Ty Pezza",BAL,"TE164","13","-","-","4 out of 5 stars","-"
"776",14,"Bailey Zappe",NYJ,"QB91","13","-","-","4 out of 5 stars","-"
"777",14,"Bub Means",FA,"WR253","-","-","-","-","-"
"778",14,"D'Ernest Johnson",FA,"RB200","-","-","-","-","-"
"779",14,"Desmond Ridder",FA,"QB92","-","-","-","-","-"
"780",14,"Josh Johnson",CIN,"QB93","6","-","-","3 out of 5 stars","-"
"781",14,"Darrynton Evans",FA,"RB201","-","-","-","-","-"
"782",14,"Bryson Nesbit",MIN,"TE165","6","-","-","4 out of 5 stars","-"
"783",14,"John Michael Gyllenborg",KC,"TE166","5","-","-","4 out of 5 stars","-"
"784",14,"Chase Edmonds",WAS,"RB202","7","-","-","4 out of 5 stars","-"
"785",14,"Dillon Johnson",FA,"RB203","-","-","-","-","-"
"786",14,"Justin Watson",FA,"WR254","-","-","-","-","-"
"787",14,"Camden Brown",DAL,"WR255","14","-","-","2 out of 5 stars","-"
"788",14,"Jonathan Ward",BAL,"RB204","13","-","-","3 out of 5 stars","-"
"789",14,"Coleman Owen",IND,"WR256","13","-","-","4 out of 5 stars","-"
"790",15,"Curtis Samuel",FA,"WR257","-","-","-","-","-"
"791",15,"Jason Brownlee",FA,"WR258","-","-","-","-","-"
"792",15,"Noah Brown",FA,"WR259","-","-","-","-","-"
"793",15,"Clyde Edwards-Helaire",FA,"RB205","-","-","-","-","-"
"794",15,"Jeff Wilson Jr.",FA,"RB206","-","-","-","-","-"
"795",15,"Anthony Smith",DAL,"WR260","14","-","-","2 out of 5 stars","-"
"796",15,"Elijah Mitchell",FA,"RB207","-","-","-","-","-"
"797",15,"Shane Zylstra",NE,"TE167","11","-","-","4 out of 5 stars","-"
"798",15,"Robert Tonyan",PIT,"TE168","9","-","-","2 out of 5 stars","-"
"799",15,"Jackson Meeks",DET,"WR261","6","-","-","4 out of 5 stars","-"
"800",15,"Alex Bachman",LAR,"WR262","11","-","-","1 out of 5 stars","-"
"801",15,"Lake McRee",PIT,"TE169","9","-","-","2 out of 5 stars","-"
"802",15,"DeAndre Carter",FA,"WR263","-","-","-","-","-"
"803",15,"Lewis Bond",HOU,"WR264","8","-","-","3 out of 5 stars","-"
"804",15,"Princeton Fant",DAL,"TE170","14","-","-","2 out of 5 stars","-"
"805",15,"JaMycal Hasty",FA,"RB208","-","-","-","-","-"
"806",15,"Collin Hill",FA,"QB94","-","-","-","-","-"
"807",15,"Tre Watson",MIA,"TE171","6","-","-","5 out of 5 stars","-"
"808",15,"Logan Thomas",FA,"TE172","-","-","-","-","-"
"809",15,"Thomas Gordon",DET,"TE173","6","-","-","3 out of 5 stars","-"
"810",15,"Chip Trayanum",NYJ,"RB209","13","-","-","3 out of 5 stars","-"
"811",15,"Tejhaun Palmer",FA,"WR265","-","-","-","-","-"
"812",15,"Brady Cook",MIA,"QB95","6","-","-","3 out of 5 stars","-"
"813",15,"Carson Towt",IND,"TE174","13","-","-","3 out of 5 stars","-"
"814",15,"Trey Palmer",NO,"WR266","8","-","-","3 out of 5 stars","-"
"815",15,"Myles Gaskin",FA,"RB210","-","-","-","-","-"
"816",15,"Chris Myarick",LV,"TE175","13","-","-","3 out of 5 stars","-"
"817",15,"Jameson Geers",ARI,"TE176","14","-","-","2 out of 5 stars","-"
"818",15,"Gage Larvadain",FA,"WR267","-","-","-","-","-"
"819",15,"Zach Horton",FA,"TE177","-","-","-","-","-"
"820",15,"Malik Taylor",FA,"WR268","-","-","-","-","-"
"821",15,"Stetson Bennett IV",LAR,"QB96","11","-","-","3 out of 5 stars","-"
"822",15,"Patrick Herbert",LAC,"TE178","7","-","-","4 out of 5 stars","-"
"823",15,"Brandon Allen",FA,"QB97","-","-","-","-","-"
"824",15,"Ross Dwelley",FA,"TE179","-","-","-","-","-"
"825",15,"Quentin Moore",WAS,"TE180","7","-","-","1 out of 5 stars","-"
"826",15,"DJ Rogers",DAL,"TE181","14","-","-","2 out of 5 stars","-"
"827",15,"Cedrick Wilson Jr.",FA,"WR269","-","-","-","-","-"
"828",15,"Evan Svoboda",LAC,"TE182","7","-","-","4 out of 5 stars","-"
"829",15,"Anthony McFarland Jr.",FA,"RB211","-","-","-","-","-"
"830",15,"Bisi Johnson",FA,"WR270","-","-","-","-","-"
"831",15,"Jordan Waters",LAR,"RB212","11","-","-","5 out of 5 stars","-"
"832",15,"Messiah Swinson",CLE,"TE183","11","-","-","3 out of 5 stars","-"
"833",15,"Treyton Welch",NO,"TE184","8","-","-","2 out of 5 stars","-"
"834",15,"Graham Mertz",HOU,"QB98","8","-","-","4 out of 5 stars","-"
"835",15,"Jimmy Holiday",KC,"WR271","5","-","-","2 out of 5 stars","-"
"836",15,"Lucas Scott",FA,"RB213","-","-","-","-","-"
"837",15,"Jordan Mims",FA,"RB214","-","-","-","-","-"
"838",15,"Cam Grandy",MIN,"TE185","6","-","-","4 out of 5 stars","-"
"839",15,"Kurtis Rourke",SF,"QB99","8","-","-","1 out of 5 stars","-"
"840",15,"Trenton Irwin",FA,"WR272","-","-","-","-","-"
"841",15,"Jimmy Garoppolo",LAR,"QB100","11","-","-","3 out of 5 stars","-"
"842",15,"Behren Morton",NE,"QB101","11","-","-","2 out of 5 stars","-"
"843",15,"Cody White",FA,"WR273","-","-","-","-","-"
"844",15,"Britain Covey",FA,"WR274","-","-","-","-","-"
"845",15,"Deuce Vaughn",FA,"RB215","-","-","-","-","-"
"846",15,"Kyle Trask",FA,"QB102","-","-","-","-","-"
"847",15,"RJ Maryland",GB,"TE186","11","-","-","2 out of 5 stars","-"
"848",15,"Sean McKeon",IND,"TE187","13","-","-","3 out of 5 stars","-"
"849",15,"Nikola Kalinic",CHI,"TE188","10","-","-","2 out of 5 stars","-"
"850",15,"Chris Moore",BAL,"WR275","13","-","-","4 out of 5 stars","-"
"851",15,"Anthony Firkser",FA,"TE189","-","-","-","-","-"
"852",15,"Kentrel Bullock",CIN,"RB216","6","-","-","2 out of 5 stars","-"
"853",15,"Jase McClellan",FA,"RB217","-","-","-","-","-"
"854",15,"Dorian Thompson-Robinson",FA,"QB103","-","-","-","-","-"
"855",15,"Gabe Davis",FA,"WR276","-","-","-","-","-"
"856",15,"Cody Schrader",DEN,"RB218","10","-","-","2 out of 5 stars","-"
"857",15,"Brandon Smith",PIT,"WR277","9","-","-","3 out of 5 stars","-"
"858",15,"Andrew Armstrong",KC,"WR278","5","-","-","2 out of 5 stars","-"
"859",15,"Samori Toure",FA,"WR279","-","-","-","-","-"
"860",15,"Matt Barkley",FA,"QB104","-","-","-","-","-"
"861",15,"Devin Leary",FA,"QB105","-","-","-","-","-"
"862",15,"Sam Hartman",WAS,"QB106","7","-","-","2 out of 5 stars","-"
"863",15,"Josh Reynolds",FA,"WR280","-","-","-","-","-"
"864",15,"Tucker Fisk",FA,"TE190","-","-","-","-","-"
"865",15,"Allen Lazard",FA,"WR281","-","-","-","-","-"
"866",15,"Matt Corral",FA,"QB107","-","-","-","-","-"
"867",15,"Geoff Swaim",FA,"TE191","-","-","-","-","-"
"868",15,"Brandon Powell",FA,"WR282","-","-","-","-","-"
"869",15,"Dontae Fleming",FA,"WR283","-","-","-","-","-"
"870",15,"Blake Watson",FA,"RB219","-","-","-","-","-"
"871",15,"Dillon Bell",MIN,"WR284","6","-","-","5 out of 5 stars","-"
"872",15,"Jesper Horsted",FA,"TE192","-","-","-","-","-"
"873",15,"Dominic Richardson",FA,"RB220","-","-","-","-","-"
"874",15,"Davon Booth",IND,"RB221","13","-","-","4 out of 5 stars","-"
"875",15,"Byron Pringle",FA,"WR285","-","-","-","-","-"
"876",15,"Chris Evans",FA,"RB222","-","-","-","-","-"
"877",15,"Michael Jacobson",FA,"TE193","-","-","-","-","-"
"878",15,"Quez Watkins",FA,"WR286","-","-","-","-","-"
"879",15,"Kaden Prather",FA,"WR287","-","-","-","-","-"
"880",15,"EJ Smith",FA,"RB223","-","-","-","-","-"
"881",15,"Kenny Yeboah",FA,"TE194","-","-","-","-","-"
"882",15,"Chris Collier",LV,"RB224","13","-","-","2 out of 5 stars","-"
"883",15,"AJ Henning",MIA,"WR288","6","-","-","3 out of 5 stars","-"
"884",15,"Kevin Harris",FA,"RB225","-","-","-","-","-"
"885",15,"Nick Nash",FA,"WR289","-","-","-","-","-"
"886",15,"Desmond Reid",FA,"RB226","-","-","-","-","-"
"887",15,"Shedrick Jackson",FA,"WR290","-","-","-","-","-"
"888",15,"Ainias Smith",FA,"WR291","-","-","-","-","-"
"889",15,"Brycen Hopkins",FA,"TE195","-","-","-","-","-"
"890",15,"Luke Lachey",FA,"TE196","-","-","-","-","-"
"891",15,"Curtis Hodges",FA,"TE197","-","-","-","-","-"
"892",15,"Laviska Shenault Jr.",FA,"WR292","-","-","-","-","-"
"893",15,"Dontrell Hilliard",FA,"RB227","-","-","-","-","-"
"894",15,"Gerald Everett",FA,"TE198","-","-","-","-","-"
"895",15,"Gregory Desrosiers",LAC,"RB228","7","-","-","3 out of 5 stars","-"
"896",15,"Nick Boyle",FA,"TE199","-","-","-","-","-"
"897",15,"Dalevon Campbell",LAC,"WR293","7","-","-","2 out of 5 stars","-"
"898",15,"James Proche II",FA,"WR294","-","-","-","-","-"
"899",15,"Equanimeous St. Brown",FA,"WR295","-","-","-","-","-"
"900",15,"Javon Baker",FA,"WR296","-","-","-","-","-"
"901",15,"Taysom Hill",FA,"TE200","-","-","-","-","-"
"902",15,"Rakim Jarrett",FA,"WR297","-","-","-","-","-"
"903",15,"Xavier Gipson",FA,"WR298","-","-","-","-","-"
"904",15,"Mitchell Wilcox",FA,"TE201","-","-","-","-","-"
"905",15,"Trishton Jackson",FA,"WR299","-","-","-","-","-"
"906",15,"Tyren Montgomery",TEN,"WR300","9","-","-","3 out of 5 stars","-"
"907",15,"Braylon James",FA,"WR301","-","-","-","-","-"
"908",15,"Terion Stewart",FA,"RB229","-","-","-","-","-"
"909",15,"Ty James",FA,"WR302","-","-","-","-","-"
"910",15,"Joshua Cephus",FA,"WR303","-","-","-","-","-"
"911",15,"Deontay Burnett",FA,"WR304","-","-","-","-","-"
"912",15,"Julian Hicks",SEA,"WR305","11","-","-","3 out of 5 stars","-"
"913",15,"Russell Gage Jr.",FA,"WR306","-","-","-","-","-"
"914",15,"Marcus Yarns",FA,"RB230","-","-","-","-","-"
"915",15,"Jamal Haynes",FA,"RB231","-","-","-","-","-"
"916",15,"Patrick Taylor Jr.",FA,"RB232","-","-","-","-","-597"
"917",15,"Danny Gray",PHI,"WR307","10","-","-","4 out of 5 stars","-"
"918",16,"Tyler Davis",FA,"TE202","-","-","-","-","-"
"919",16,"Royce Freeman",FA,"RB233","-","-","-","-","-"
"920",16,"Nelson Agholor",FA,"WR308","-","-","-","-","-"
"921",16,"Dee Eskridge",FA,"WR309","-","-","-","-","-"
"922",16,"Hunter Renfrow",FA,"WR310","-","-","-","-","-"
"923",16,"Marquez Callaway",FA,"WR311","-","-","-","-","-"
"924",16,"Quali Conley",FA,"RB234","-","-","-","-","-"
"925",16,"Anthony Schwartz",FA,"WR312","-","-","-","-","-"
"926",16,"Zaire Mitchell-Paden",HOU,"TE203","8","-","-","4 out of 5 stars","-"
"927",16,"Cody Thompson",FA,"WR313","-","-","-","-","-"
"928",16,"Daurice Fountain",FA,"WR314","-","-","-","-","-"
"929",16,"Isaiah McKenzie",FA,"WR315","-","-","-","-","-"
"930",16,"Tru Edwards",FA,"WR316","-","-","-","-","-"
"931",16,"Jalen Guyton",FA,"WR317","-","-","-","-","-"
"932",16,"Vinny Anthony II",ATL,"WR318","11","-","-","3 out of 5 stars","-"
"933",16,"Kendric Pryor",FA,"WR319","-","-","-","-","-"
"934",16,"Stephen Carlson",CHI,"TE204","10","-","-","2 out of 5 stars","-"
"935",16,"Justin Shorter",LV,"WR320","13","-","-","2 out of 5 stars","-"
"936",16,"Dan Villari",LAR,"TE205","11","-","-","4 out of 5 stars","-"
"937",16,"Roc Taylor",FA,"WR321","-","-","-","-","-"
"938",16,"Zach Pascal",FA,"WR322","-","-","-","-","-"
"939",16,"Evan Hull",ARI,"RB235","14","-","-","2 out of 5 stars","-"
"940",16,"Amar Johnson",LAC,"RB236","7","-","-","3 out of 5 stars","-"
"941",16,"Ryan Griffin",FA,"TE206","-","-","-","-","-"
"942",16,"Terrace Marshall Jr.",FA,"WR323","-","-","-","-","-"
"943",16,"Dalen Cambre",NYG,"WR324","8","-","-","4 out of 5 stars","-"
"944",16,"Ross Travis",FA,"TE207","-","-","-","-","-"
"945",16,"Graig Cooper",FA,"RB237","-","-","-","-","-"
"946",16,"Omarius Hines",FA,"WR325","-","-","-","-","-"
"947",16,"Dale Moss",FA,"WR326","-","-","-","-","-"
"948",16,"John Hurst",FA,"WR327","-","-","-","-","-"