id,first_name,last_name,pos,team,age,rank,floor_rank,ceiling_rank,pos_rank,overall_ecr,pos_ecr,sd_ecr,adp,adp_sd,adp_diff,dropoff,aav,aav_sd,pff_rank,pff_tiers,pff_posrank,dist,name
13116,Patrick,Mahomes,QB,KCC,28,13,13,13,1,28.4,1.85,0.89,14.318333333333333,4.307328702984664,-1.3183333333333334,2.108000000000004,42.163000000000004,11.474281981893245,24,3,QB1,,Patrick Mahomes
14783,Jalen,Hurts,QB,PHI,25,14,14,14,2,29.2,2.14,0.96,19.915,5.147662090697096,-5.914999999999999,8.876000000000033,37.187000000000005,7.722685219533426,27,3,QB2,,Jalen Hurts
13589,Josh,Allen,QB,BUF,27,20,20,20,3,29.72,2.39,1.05,19.151666666666667,3.9874528907004727,0.8483333333333327,20.62799999999993,37.606,10.308132129537343,28,4,QB3,,Josh Allen
13593,Lamar,Jackson,QB,BAL,26,28,28,28,4,41.85,4.54,1.46,35.115,6.3790901911375,-7.115000000000002,4.018000000000029,26.688,9.736286355690243,38,4,QB4,,Lamar Jackson
14777,Joe,Burrow,QB,CIN,27,32,32,32,5,48.73,5.57,1.07,36.25333333333333,6.44857003959448,-4.25333333333333,19.658000000000015,24.306,9.201712231970747,44,5,QB5,,Joe Burrow
15238,Justin,Fields,QB,CHI,24,52,52,52,6,52.07,6.08,1.54,46.23,5.771273689576678,5.770000000000003,6.555999999999983,17.7465,6.195511823086129,48,5,QB6,,Justin Fields
14779,Justin,Herbert,QB,LAC,25,60,60,60,7,53.38,5.99,1.24,44.193333333333335,8.327043626375184,15.806666666666665,5.26400000000001,20.539,9.847877080873827,53,5,QB7,,Justin Herbert
13113,Deshaun,Watson,QB,CLE,28,67,67,67,8,92.86,11.05,2.45,82.62666666666667,10.08491888360481,-15.626666666666665,12.052000000000021,7.9,4.475488800120051,90,6,QB9,,Deshaun Watson
14059,Daniel,Jones,QB,NYG,26,86,86,86,9,97.36,11.51,2.63,108.35333333333332,7.815562821846054,-22.353333333333325,4.086000000000013,5.573,3.808908898884299,94,7,QB11,,Daniel Jones
12620,Dak,Prescott,QB,DAL,30,93,93,93,10,98.34,11.85,2.23,89.19,7.621618375821939,3.8100000000000023,0.043999999999925876,7.69,5.867784931300737,93,7,QB10,,Dak Prescott
11150,Geno,Smith,QB,SEA,33,94,94,94,11,108.26,13.04,2.2,114.62666666666667,10.14941487092838,-20.626666666666665,0.76400000000001,5.668,5.345019363856412,107,7,QB14,,Geno Smith
10700,Kirk,Cousins,QB,MIN,35,95,95,95,12,108.07,13.11,1.82,103.26333333333334,20.063390097942623,-8.263333333333335,0.8980000000000246,6.748,6.073650632033424,103,7,QB13,,Kirk Cousins
15237,Trevor,Lawrence,QB,JAC,24,96,96,96,13,66.58,7.99,0.89,56.483333333333334,6.278711828251256,39.516666666666666,7.012000000000029,14.816500000000001,7.933672336944601,66,6,QB8,,Trevor Lawrence
7836,Aaron,Rodgers,QB,NYJ,40,118,118,118,14,125.33,15.51,2.51,101.03833333333333,13.690103988729314,16.961666666666673,4.673999999999978,7.489000000000001,6.962114836743217,123,7,QB16,,Aaron Rodgers
10703,Russell,Wilson,QB,DEN,35,133,133,133,15,148.07,18.1,2.22,137.57833333333332,10.80229206645001,-4.578333333333319,2.3580000000000325,4.546,4.372805506765651,141,8,QB18,,Russell Wilson
14778,Tua,Tagovailoa,QB,MIA,25,140,140,140,16,102.59,12.26,2.36,94.84666666666666,9.305293594986075,45.153333333333336,2.2920000000000016,6.656000000000001,4.905895229211485,100,7,QB12,,Tua Tagovailoa
12611,Jared,Goff,QB,DET,29,145,145,145,17,136.34,16.4,1.7,120.38833333333334,10.328219299031606,24.611666666666665,8.789999999999964,4.3765,3.621123686095243,131,8,QB17,,Jared Goff
16152,Anthony,Richardson,QB,IND,21,158,158,158,18,116.76,13.79,3.36,110.30833333333334,10.772501128129694,47.69166666666666,12.921999999999997,6.542500000000001,6.179613155368225,110,7,QB15,,Anthony Richardson
11644,Derek,Carr,QB,NOS,32,187,187,187,19,166.36,20.63,2.34,139.49666666666667,12.333110808803356,47.50333333333333,1.3940000000000055,3.6315000000000004,4.3339770130908635,152,8,QB19,,Derek Carr
15698,Brock,Purdy,QB,SFO,24,190,190,190,20,183.04,22.21,3.41,146.38166666666666,19.4702700004106,43.61833333333334,1.9039999999999964,4.074000000000001,4.979420448204791,169,9,QB23,,Brock Purdy
15692,Kenny,Pickett,QB,PIT,25,196,196,196,21,170.38,20.76,2.27,142.80833333333334,11.514918463550764,53.19166666666666,5.313999999999993,2.686,2.2303156727243794,154,8,QB20,,Kenny Pickett
14782,Jordan,Love,QB,GBP,25,205,205,205,22,178.42,21.82,2.99,152.832,15.584256671397585,52.168000000000006,2.960000000000008,3.547333333333334,3.4829567260526737,159,9,QB22,,Jordan Love
9431,Matthew,Stafford,QB,LAR,35,209,209,209,23,178.83,22.49,2.49,148.876,18.859667653487424,60.123999999999995,8.096000000000004,2.8340000000000005,3.0613833474427867,157,9,QB21,,Matthew Stafford
16148,Bryce,Young,QB,CAR,22,222,222,222,24,210.33,25.52,2.33,155.79000000000002,28.78786463077802,66.20999999999998,1.132000000000005,4.413333333333333,5.5493262854352166,187,9,QB25,,Bryce Young
11760,Jimmy,Garoppolo,QB,LVR,32,224,224,224,25,241.66,27.88,2.56,164.40666666666667,25.61887368501763,59.593333333333334,2.274000000000001,4.0920000000000005,4.0920000000000005,222,10,QB28,,Jimmy Garoppolo
15241,Mac,Jones,QB,NEP,25,231,231,231,26,246.77,28.04,2.32,146.2,,84.80000000000001,7.943999999999988,2.8080000000000003,2.8080000000000003,228,10,QB30,,Mac Jones
10697,Ryan,Tannehill,QB,TEN,35,257,257,257,27,221.57,26.04,2.75,147.7,,109.30000000000001,2.176000000000016,4.476000000000001,4.476000000000001,193,9,QB26,,Ryan Tannehill
16150,C.J.,Stroud,QB,HOU,22,264,264,264,28,244.15,27.86,2.1,156.24333333333334,36.42687316925362,107.75666666666666,0.12600000000000477,5.808000000000001,5.808000000000001,223,10,QB29,,C.J. Stroud
15693,Sam,Howell,QB,WAS,23,265,265,265,29,199.75,23.6,3.32,150.85,17.122741602909272,114.15,9.639999999999986,2.9010000000000002,3.836431023751112,182,9,QB24,,Sam Howell
14056,Kyler,Murray,QB,ARI,26,300,300,300,30,240.04,28.39,4.13,165.5975,21.087462359183952,134.4025,10.401999999999987,4.500666666666667,5.228674869303779,219,10,QB27,,Kyler Murray
13590,Baker,Mayfield,QB,TBB,28,347,347,347,31,280.88,30.52,2.46,144.97,,202.03,1.0800000000000125,5.5680000000000005,5.5680000000000005,269,11,QB32,,Baker Mayfield
15697,Desmond,Ridder,QB,ATL,24,353,353,353,32,266.14,29.61,2.32,148.95,,204.05,95.392,2.7720000000000007,2.7720000000000007,243,10,QB31,,Desmond Ridder
13119,Joshua,Dobbs,QB,ARI,28,567,567,567,33,324.96,35.69,5.04,,,,19.034000000000006,2.6400000000000006,2.6400000000000006,375,13,QB37,,Joshua Dobbs
12616,Jacoby,Brissett,QB,WAS,31,568,568,568,34,323.48,35.51,2.72,,,,2.7920000000000087,1.6560000000000001,1.6560000000000001,322,12,QB33,,Jacoby Brissett
15242,Kyle,Trask,QB,TBB,25,569,569,569,35,324.79,36.36,3.27,,,,14.185999999999993,0,,350,12,QB35,,Kyle Trask
9714,Brian,Hoyer,QB,LVR,38,570,570,570,36,332,53.59,13.14,,,,1.6839999999999975,,,516,14,QB51,,Brian Hoyer
12476,Taylor,Heinicke,QB,ATL,30,571,571,571,37,352.21,39.94,3.67,,,,2.858000000000004,1.4760000000000002,1.4760000000000002,429,13,QB43,,Taylor Heinicke
14067,Gardner,Minshew,QB,IND,27,572,572,572,38,337.41,39.95,4.37,,,,1.564,1.356,1.356,411,13,QB40,,Gardner Minshew
13592,Sam,Darnold,QB,SFO,26,573,573,573,39,332.05,37.16,3.34,,,,2.425999999999995,2.052,2.052,376,13,QB38,,Sam Darnold
16149,Will,Levis,QB,TEN,24,574,574,574,40,327.23,39.55,8,,,,1.4279999999999973,3.2400000000000007,3.2400000000000007,351,12,QB36,,Will Levis
15694,Malik,Willis,QB,TEN,24,575,575,575,41,328.8,49.63,9.94,,,,1.896000000000008,,,499,14,QB50,,Malik Willis
13598,Mike,White,QB,MIA,28,576,576,576,42,347.59,40.04,3.21,,,,2.0679999999999943,2.9520000000000004,,424,13,QB42,,Mike White
10413,Tyrod,Taylor,QB,NYG,34,577,577,577,43,428.5,53.8,6.11,,,,0.5899999999999999,,,590,15,QB63,,Tyrod Taylor
12141,Marcus,Mariota,QB,PHI,30,578,578,578,44,374.67,49.9,7.77,,,,0.19800000000000395,0,,537,15,QB53,,Marcus Mariota
16153,Stetson,Bennett,QB,LAR,26,579,579,579,45,391.33,48.36,6.33,,,,0.30199999999999605,4.416000000000001,,558,15,QB58,,Stetson Bennett
15696,Bailey,Zappe,QB,FA,24,580,580,580,46,318,51,12.32,,,,0.6820000000000022,,,469,14,QB46,,Bailey Zappe
14789,Tyler,Huntley,QB,BAL,25,581,581,581,47,375.11,42.46,4.48,,,,1.4480000000000004,2.712,,459,14,QB45,,Tyler Huntley
16160,Clayton,Tune,QB,ARI,24,583,583,583,49,329.36,37.57,4.93,,,,0.7039999999999971,2.5200000000000005,2.5200000000000005,393,13,QB39,,Clayton Tune
10313,Andy,Dalton,QB,CAR,36,584,584,584,50,363,46.87,6.69,,,,0.13600000000000279,,,495,14,QB49,,Andy Dalton
15252,Davis,Mills,QB,HOU,25,585,585,585,51,404.33,49.74,6.17,,,,1.343999999999994,,,557,15,QB57,,Davis Mills
16313,Sean,Clifford,QB,GBP,25,586,586,586,52,419.67,64.12,4.19,,,,0.25000000000000355,,,563,15,QB59,,Sean Clifford
14063,Jarrett,Stidham,QB,DEN,27,587,587,587,53,378.4,44.39,5.19,,,,1.2080000000000002,,,521,14,QB52,,Jarrett Stidham
11640,Teddy,Bridgewater,QB,DET,31,588,588,588,54,431.5,52.2,5.47,,,,0.2940000000000005,,,564,15,QB60,,Teddy Bridgewater
12140,Jameis,Winston,QB,NOS,29,589,589,589,55,350.33,42.86,5.39,,,,0.9199999999999999,,,432,13,QB44,,Jameis Winston
13968,Nick,Mullens,QB,MIN,28,590,590,590,56,,59.56,8.19,,,,0.10599999999999987,,,596,15,QB65,,Nick Mullens
13124,Cooper,Rush,QB,DAL,30,591,591,591,57,416.5,56.64,6.36,,,,0.120000000000001,,,582,15,QB62,,Cooper Rush
10262,Blaine,Gabbert,QB,KCC,34,592,592,592,58,,63.5,7.42,,,,2.0139999999999976,,,609,16,QB71,,Blaine Gabbert
14057,Drew,Lock,QB,SEA,27,593,593,593,59,447,56.9,5.76,,,,0.1280000000000001,,,594,15,QB64,,Drew Lock
13125,C.J.,Beathard,QB,JAC,30,594,594,594,60,,62.81,5.42,,,,0.3460000000000001,,,610,16,QB72,,C.J. Beathard
15240,Trey,Lance,QB,DAL,23,595,595,595,61,315.55,39.72,8.86,,,,0.6120000000000001,4.464000000000001,,343,12,QB34,,Trey Lance
16158,Dorian,Thompson-Robinson,QB,CLE,24,596,596,596,62,422.33,57,8.18,,,,1.4420000000000002,5.5680000000000005,,538,15,QB54,,Dorian Thompson-Robinson
15691,Matt,Corral,QB,NEP,24,597,597,597,63,,67.85,11.28,,,,0.1460000000000008,0,,600,16,QB67,,Matt Corral
14358,Jake,Browning,QB,CIN,27,598,598,598,64,,65.44,7.18,,,,0.6059999999999999,,,611,16,QB73,,Jake Browning
16159,Aidan,O'Connell,QB,LVR,25,599,599,599,65,346.2,43.89,8.9,,,,0.0459999999999976,7.344000000000001,,484,14,QB48,,Aidan O'Connell
15239,Zach,Wilson,QB,NYJ,24,600,600,600,66,351.29,47.72,7.36,,,,0.1520000000000019,4.272000000000001,,477,14,QB47,,Zach Wilson
10948,Case,Keenum,QB,HOU,35,607,607,607,73,,68.71,6.77,,,,0.9279999999999995,,,599,16,QB66,,Case Keenum
16156,Jake,Haener,QB,NOS,24,608,608,608,74,,72.78,4.31,,,,0.5780000000000005,,,604,16,QB70,,Jake Haener
15702,Tanner,McKee,QB,PHI,23,610,610,610,76,,68.62,6.45,,,,0,,,602,16,QB69,,Tanner McKee
13130,Christian,McCaffrey,RB,SFO,27,1,1,1,1,2.77,1.3,0.71,2.8383333333333334,0.9880691046458014,-1.8383333333333334,6.319999999999993,64.124,6.686572216016218,2,1,RB1,,Christian McCaffrey
13404,Austin,Ekeler,RB,LAC,28,3,3,3,2,5.61,2.66,1.35,4.861666666666666,0.558373132909845,-1.8616666666666664,24.30000000000001,59.366,6.146083956471797,4,1,RB2,,Austin Ekeler
14085,Tony,Pollard,RB,DAL,26,6,6,6,3,12.37,5.77,1.84,13.916666666666666,1.6869762561722341,-7.916666666666666,1.210000000000008,46.896,2.313293755665288,11,2,RB6,,Tony Pollard
13610,Nick,Chubb,RB,CLE,28,7,7,7,4,8.79,4.1,1.56,9.586666666666666,3.6424793143620673,-2.586666666666666,0.4200000000000159,52.856,5.920912767470913,8,2,RB4,,Nick Chubb
12626,Derrick,Henry,RB,TEN,29,8,8,8,5,15.56,7.02,1.53,14.475000000000001,3.5218543884342144,-6.475000000000001,2.430000000000007,47.947,7.448636586651279,16,2,RB7,,Derrick Henry
13604,Saquon,Barkley,RB,NYG,26,10,10,10,6,10.49,4.96,1.38,10.475,1.7571923628333923,-0.47499999999999964,3.3299999999999557,51.656000000000006,5.885205858761444,9,2,RB5,,Saquon Barkley
14073,Josh,Jacobs,RB,LVR,25,11,11,11,7,17.51,7.78,1.84,16.486666666666668,2.537384918025293,-5.486666666666668,0.6800000000000068,42.254000000000005,6.068105800000527,18,3,RB8,,Josh Jacobs
16161,Bijan,Robinson,RB,ATL,21,12,12,12,8,7.88,3.72,1.67,8.451666666666666,1.6551779024893027,3.548333333333334,17.390000000000015,55.256,7.090927160816139,7,2,RB3,,Bijan Robinson
13131,Joe,Mixon,RB,CIN,27,19,19,19,9,26.55,10.91,3.21,30.188333333333333,6.178110327780026,-11.188333333333333,4.490000000000009,33.9155,7.376141318467266,22,3,RB9,,Joe Mixon
15259,Rhamondre,Stevenson,RB,NEP,25,21,21,21,10,27.39,11.11,2.67,30.96,3.777357983211722,-9.96,2.3700000000000045,26.9785,2.681344205804246,23,3,RB10,,Rhamondre Stevenson
13319,Aaron,Jones,RB,GBP,29,22,22,22,11,36.39,14.15,3.48,36.07,3.620782604170909,-14.07,9.829999999999984,27.8875,6.651711715791658,35,4,RB14,,Aaron Jones
15254,Najee,Harris,RB,PIT,25,26,26,26,12,31.2,12.6,3.46,29.543333333333333,4.172707620824744,-3.543333333333333,4.240000000000009,30.631500000000003,4.571248926715764,30,4,RB11,,Najee Harris
14223,Alexander,Mattison,RB,MIN,25,30,30,30,14,50.4,19,5.24,52.91,12.258673120149124,-22.909999999999997,1.2299999999999898,18.297,5.4223451568486505,47,5,RB19,,Alexander Mattison
13146,James,Conner,RB,ARI,28,33,33,33,15,60.86,22.94,4.29,60.098333333333336,9.546673795388399,-27.098333333333336,2.6100000000000136,15.5915,6.277473755421047,61,5,RB22,,James Conner
15711,Kenneth,Walker III,RB,SEA,23,35,35,35,16,45.59,17.26,3.63,41.425,5.74761617252463,-6.424999999999997,1.5999999999999943,18.9775,2.969851637708525,40,5,RB15,,Kenneth Walker III
16162,Jahmyr,Gibbs,RB,DET,21,36,36,36,17,31.86,12.67,3.27,32.855,3.8923461219852147,3.145000000000003,1.5200000000000102,30.1205,6.410304263449593,31,4,RB12,,Jahmyr Gibbs
15717,Dameon,Pierce,RB,HOU,23,38,38,38,18,47.16,17.85,4.55,42.885,10.290943834265155,-4.884999999999998,6.789999999999992,19.927,2.5097224946196737,42,5,RB16,,Dameon Pierce
15721,Rachaad,White,RB,TBB,24,42,42,42,19,64.5,23.98,3.94,72.82,12.994692506301691,-30.819999999999993,0.46999999999999886,12.02,3.494939198326632,65,5,RB24,,Rachaad White
15708,Breece,Hall,RB,NYJ,22,44,44,44,20,46.6,17.73,4.98,43.12833333333333,9.973244902682822,0.8716666666666697,0.7300000000000182,21.104,4.701455944704789,43,5,RB17,,Breece Hall
14800,J.K.,Dobbins,RB,BAL,25,45,45,45,21,53.4,20.12,4.93,49.005,12.368405650419675,-4.005000000000003,1.549999999999983,16.157,5.719624725451839,50,5,RB20,,J.K. Dobbins
14079,Miles,Sanders,RB,CAR,26,46,46,46,22,51.47,19.56,4.26,51.376666666666665,5.041245436948647,-5.376666666666665,4.659999999999997,16.2755,4.802226645005421,45,5,RB18,,Miles Sanders
15749,Isiah,Pacheco,RB,KCC,24,54,54,54,23,76.64,28.2,4.2,67.89166666666667,8.545151484256372,-13.891666666666666,1.5699999999999932,10.999,3.6807720657492506,79,6,RB29,,Isiah Pacheco
14799,Cam,Akers,RB,LAR,24,56,56,56,24,56.38,21.32,4.42,61.980000000000004,3.414486784276666,-5.980000000000004,0.20000000000001705,14.347000000000001,4.479735148421166,54,5,RB21,,Cam Akers
14071,David,Montgomery,RB,DET,26,58,58,58,25,67.99,25.23,4.44,75.05,18.01812975866252,-17.049999999999997,0.9299999999999784,10.439,4.585220060149786,69,6,RB25,,David Montgomery
15715,James,Cook,RB,BUF,24,59,59,59,26,64.72,24.09,4.74,70.04666666666667,13.388703779264402,-11.046666666666667,3.420000000000016,12.735,4.492824835223381,64,5,RB23,,James Cook
14802,Jonathan,Taylor,RB,IND,24,61,61,61,27,71.9,26.82,6.75,46.956,14.559646424278304,14.043999999999997,0.11999999999997613,25.210500000000003,11.807777553375573,71,6,RB27,,Jonathan Taylor
15256,Javonte,Williams,RB,DEN,23,62,62,62,28,67.89,25.18,5.27,69.76,11.805209302111784,-7.760000000000005,1.5200000000000387,12.6065,4.711713780568595,70,6,RB26,,Javonte Williams
13132,Alvin,Kamara,RB,NOS,28,64,64,64,29,70.95,26.33,4.81,73.07666666666667,7.9720400288898565,-9.076666666666668,10.769999999999982,17.0355,8.584807554628119,72,6,RB28,,Alvin Kamara
12447,Raheem,Mostert,RB,MIA,31,75,75,75,30,112.43,39.79,6.06,114.565,14.021104034038594,-39.565,2.8799999999999955,5.565,3.8599579013248326,114,7,RB39,,Raheem Mostert
14797,D'Andre,Swift,RB,PHI,24,81,81,81,31,80.22,29.53,5.43,76.35833333333333,9.051514452780202,4.641666666666666,1.370000000000033,8.652000000000001,4.121644332059719,82,6,RB31,,D'Andre Swift
13128,Dalvin,Cook,RB,NYJ,28,85,85,85,32,79.96,29.44,5.49,70.50833333333333,3.7930129478057713,14.491666666666674,0.2799999999999727,12.6295,7.4352438258607245,81,6,RB30,,Dalvin Cook
15271,Khalil,Herbert,RB,CHI,25,87,87,87,33,86.08,31.42,4.98,87.40333333333334,14.169519712710411,-0.403333333333336,1.420000000000016,8.657,4.899794587531196,84,6,RB32,,Khalil Herbert
14805,AJ,Dillon,RB,GBP,25,88,88,88,34,93.53,34.2,3.63,94.27833333333334,8.995077203053283,-6.278333333333336,4.349999999999994,5.303000000000001,2.6098557431398395,92,7,RB35,,AJ Dillon
14852,Antonio,Gibson,RB,WAS,25,96,96,96,35,92.46,33.71,3.66,105.23666666666666,15.862995373580054,-9.236666666666665,0.1699999999999875,5.841,4.2171083694873195,88,6,RB33,,Antonio Gibson
13133,Samaje,Perine,RB,DEN,28,102,102,102,37,104.32,37.63,4.8,116.03666666666666,9.88150573321473,-14.036666666666662,3.9899999999999807,4.744000000000001,3.648288365795665,101,7,RB36,,Samaje Perine
13139,Jamaal,Williams,RB,NOS,28,116,116,116,38,110.12,39.8,4.59,101.81,7.583108421573131,14.189999999999998,19.28,5.669500000000001,3.8020692721201184,109,7,RB38,,Jamaal Williams
13608,Rashaad,Penny,RB,PHI,27,161,161,161,39,122.95,42.94,6.91,109.286,14.22899518588716,51.714,4.8799999999999955,3.2960000000000003,2.3476217753292374,117,7,RB41,,Rashaad Penny
15712,Tyler,Allgeier,RB,ATL,23,169,169,169,40,132.8,45.94,5.57,136.602,7.637406366038144,32.397999999999996,1.2400000000000233,2.269,1.492207425259639,129,8,RB46,,Tyler Allgeier
16169,Zach,Charbonnet,RB,SEA,22,173,173,173,41,107.08,38.35,5.2,103.82666666666667,12.499114190835904,69.17333333333333,0.11999999999999034,4.8195,3.077031158438276,102,7,RB37,,Zach Charbonnet
15263,Elijah,Mitchell,RB,SFO,25,174,174,174,42,129.28,44.96,4.46,123.38833333333334,11.928219225386872,50.611666666666665,1.9699999999999989,3.0090000000000003,2.021801919081095,125,8,RB44,,Elijah Mitchell
15742,Jaylen,Warren,RB,PIT,25,179,179,179,43,124.09,43.22,6.19,125.285,13.989082350175797,53.715,1.029999999999987,4.549,3.400535693093076,120,7,RB43,,Jaylen Warren
11761,Jerick,McKinnon,RB,KCC,31,181,181,181,44,122.01,42.93,5.98,125.47166666666666,12.314207805981221,55.528333333333336,0.8900000000000148,4.152500000000001,3.44234930679616,115,7,RB40,,Jerick McKinnon
12625,Ezekiel,Elliott,RB,NEP,28,184,184,184,45,138.05,47.46,7.99,122.02333333333334,10.451756896437184,61.97666666666666,3.7099999999999937,4.753500000000001,4.201317263668623,136,8,RB49,,Ezekiel Elliott
14075,Damien,Harris,RB,BUF,26,191,191,191,46,126.58,44.38,5.17,122.262,12.403445327811138,68.738,1.6700000000000017,2.6580000000000004,2.5833257634297695,118,7,RB42,,Damien Harris
15261,Chuba,Hubbard,RB,CAR,24,195,195,195,48,170.36,55.59,5.61,152.5925,14.959748284981266,42.4075,0.23000000000000398,1.584,1.5014419735707405,161,9,RB54,,Chuba Hubbard
15255,Kenneth,Gainwell,RB,PHI,24,197,197,197,49,135.9,46.97,6.7,134.96666666666667,10.158454059988106,62.03333333333333,0.710000000000008,2.2880000000000003,2.2319569888328945,133,8,RB48,,Kenneth Gainwell
14080,Devin,Singletary,RB,HOU,26,199,199,199,50,148.33,50.83,5.89,146.102,11.939870016042887,52.897999999999996,9.25,2.3905000000000003,1.878789703505957,147,8,RB50,,Devin Singletary
13134,D'Onta,Foreman,RB,CHI,27,212,212,212,51,172.22,56.2,7.8,143.04500000000002,10.730690797893681,68.95499999999998,0.5699999999999932,1.7520000000000002,1.6058493079987304,167,9,RB56,,D'Onta Foreman
16164,Tank,Bigsby,RB,JAC,22,213,213,213,52,137.94,47.2,7.98,121.82600000000001,8.759104063772735,91.17399999999999,0.6299999999999955,3.4670000000000005,2.615589226159185,132,8,RB47,,Tank Bigsby
13850,Gus,Edwards,RB,BAL,28,215,215,215,53,180.43,57.68,7.14,158.352,16.08657502391357,56.647999999999996,0.5700000000000074,1.6175000000000002,1.561543707361405,165,9,RB55,,Gus Edwards
14798,Zack,Moss,RB,IND,26,219,219,219,55,233.11,67.96,11.34,164.78500000000003,9.485,54.214999999999975,7.040000000000006,2.898,2.464566493320884,238,10,RB66,,Zack Moss
15277,Deon,Jackson,RB,IND,24,234,234,234,56,219.33,67.05,15.64,147.24,7.676301192631779,86.75999999999999,0.14000000000000057,2.9160000000000004,2.421047707088814,273,11,RB74,,Deon Jackson
16165,Tyjae,Spears,RB,TEN,22,235,235,235,57,179.99,57.3,9.93,140.0375,13.836810280913733,94.9625,0.6899999999999977,2.3630000000000004,2.446014513448357,173,9,RB57,,Tyjae Spears
11225,Cordarrelle,Patterson,RB,ATL,32,237,237,237,58,207.57,63.36,8.29,155.17000000000002,19.76945497478369,81.82999999999998,0.37999999999999545,1.6420000000000003,1.6026503049636251,202,10,RB62,,Cordarrelle Patterson
16171,Kendre,Miller,RB,NOS,21,240,240,240,59,166.78,55.23,9.19,151.45,17.52353465105333,88.55000000000001,0.3400000000000034,2.451,2.7444130520021948,156,8,RB52,,Kendre Miller
15710,Kyren,Williams,RB,LAR,23,241,241,241,60,231.38,67.36,8.21,178.56,6.930000000000007,62.44,2.319999999999993,1.0693333333333335,0.902744457504756,224,10,RB63,,Kyren Williams
14807,Joshua,Kelley,RB,LAC,26,247,247,247,61,206.54,62.33,6.45,172.255,2.835000000000008,74.745,1.1300000000000097,1.5826666666666669,1.5278964479164012,201,10,RB61,,Joshua Kelley
14803,Clyde,Edwards-Helaire,RB,KCC,24,250,250,250,62,191.51,59.88,7.26,158.034,21.01355905124118,91.96600000000001,1.230000000000004,2.156,2.483531356757954,177,9,RB59,,Clyde Edwards-Helaire
13726,Chase,Edmonds,RB,TBB,27,253,253,253,63,242.96,70.96,8.65,186.825,16.295,66.17500000000001,0.8999999999999915,1.5173333333333334,1.495526960268149,249,10,RB68,,Chase Edmonds
15723,Ty,Chandler,RB,MIN,25,256,256,256,64,210.72,64.55,11.53,166.76666666666668,7.901887256992611,89.23333333333332,3.440000000000005,2.216,2.3372873165274317,233,10,RB65,,Ty Chandler
15713,Jerome,Ford,RB,CLE,24,270,270,270,65,193.69,60.38,7.17,177.94,15.349999999999994,92.06,0.1599999999999966,1.8113333333333335,1.7096715733990808,175,9,RB58,,Jerome Ford
15734,Keaontay,Ingram,RB,ARI,24,273,273,273,66,247.52,73.22,12.38,172.28,,100.72,2.1300000000000026,2.088,2.088,275,11,RB75,,Keaontay Ingram
16176,Deuce,Vaughn,RB,DAL,22,276,276,276,67,240.23,70.58,11.19,154.356,7.846865871161552,121.644,1.6599999999999966,2.5820000000000003,2.5744607202286076,254,10,RB70,,Deuce Vaughn
16175,Roschon,Johnson,RB,CHI,22,281,281,281,68,158.43,53.09,10.52,129.702,4.714091216767023,151.298,6.810000000000002,2.6865,2.8330560795720228,151,8,RB51,,Roschon Johnson
16181,Chase,Brown,RB,CIN,23,307,307,307,69,251.01,72.5,8.83,168.95499999999998,32.334999999999994,138.04500000000002,0.5399999999999991,1.9013333333333335,2.0233973630725357,258,11,RB71,,Chase Brown
11390,Latavius,Murray,RB,BUF,33,309,309,309,70,274.84,77.58,8.64,196.53,,112.47,0.21999999999999886,1.356,1.356,289,11,RB79,,Latavius Murray
16166,Sean,Tucker,RB,TBB,22,311,311,311,71,251.01,72.91,12.77,157.065,18.585000000000008,153.935,3.6700000000000017,4.225,3.095,282,11,RB78,,Sean Tucker
16180,Evan,Hull,RB,IND,23,326,326,326,72,224.2,67.83,13.54,165.835,23.004999999999995,160.165,0.4299999999999997,2.213333333333334,2.102781227063075,229,10,RB64,,Evan Hull
13378,Matt,Breida,RB,NYG,28,329,329,329,73,280.96,79.12,6.88,213.15,,115.85,2.6400000000000006,1.2360000000000002,1.2360000000000002,295,11,RB81,,Matt Breida
14076,Trayveon,Williams,RB,CIN,26,344,344,344,74,301.7,87.25,11.39,,,,2.6099999999999994,1.6920000000000002,1.6920000000000002,319,12,RB89,,Trayveon Williams
15709,Isaiah,Spiller,RB,LAC,22,357,357,357,75,268.46,76.31,8.22,,,,0.35999999999999943,0.9960000000000001,0.9960000000000001,280,11,RB77,,Isaiah Spiller
15714,Zamir,White,RB,LVR,24,359,359,359,76,203.48,62.02,7.14,155.95666666666668,21.69135670158867,203.04333333333332,0.03999999999999915,1.3860000000000001,1.1358644285300956,180,9,RB60,,Zamir White
16163,Zach,Evans,RB,LAR,22,360,360,360,77,265.71,76.18,9.41,124.41,,235.59,0.14000000000000767,2.2800000000000002,2.2800000000000002,278,11,RB76,,Zach Evans
14821,JaMycal,Hasty,RB,JAC,27,362,362,362,78,296.14,83.59,7.29,,,,0.759999999999998,,,311,11,RB85,,JaMycal Hasty
14081,Myles,Gaskin,RB,MIN,26,364,364,364,79,317.41,93.25,10.48,,,,0.4799999999999969,0.9480000000000002,0.9480000000000002,337,12,RB97,,Myles Gaskin
14727,Craig,Reynolds,RB,DET,27,366,366,366,80,330.84,99.81,15.05,,,,1.25,0,,415,13,RB110,,Craig Reynolds
12155,Ameer,Abdullah,RB,LVR,30,372,372,372,81,323.4,95.02,13.71,,,,0.03999999999999915,0,,363,12,RB101,,Ameer Abdullah
16390,Jaleel,McLaughlin,RB,DEN,24,373,373,373,82,325.48,92.47,11.96,,,,0.14999999999999858,1.9200000000000004,1.9200000000000004,431,13,RB113,,Jaleel McLaughlin
14823,Rico,Dowdle,RB,DAL,25,375,375,375,83,253.2,75.26,13.99,185.445,32.955,189.555,0.14999999999999858,2.4053333333333335,2.7252994127047563,329,12,RB93,,Rico Dowdle
15733,Pierre,Strong Jr.,RB,CLE,25,378,378,378,84,256.73,73.37,9.21,,,,0.8600000000000065,1.3200000000000003,1.3200000000000003,270,11,RB73,,Pierre Strong Jr.
15258,Michael,Carter,RB,NYJ,24,381,381,381,85,245.42,71.31,9.59,,,,0.4299999999999997,1.3200000000000003,1.3200000000000003,253,10,RB69,,Michael Carter
15973,Raheem,Blackshear,RB,CAR,25,383,383,383,86,310.67,91.22,11.52,,,,0.09999999999999432,0,,373,13,RB104,,Raheem Blackshear
16385,Emari,Demercado,RB,ARI,24,387,387,387,88,378.33,106.4,12.12,,,,2.530000000000001,0,,471,14,RB129,,Emari Demercado
16174,Chris,Rodriguez,RB,WAS,23,393,393,393,89,308.52,89.33,11.49,,,,0.5200000000000031,1.1040000000000003,1.1040000000000003,369,13,RB103,,Chris Rodriguez
14810,Ke'Shawn,Vaughn,RB,TBB,26,394,394,394,90,304.67,88.63,11.91,,,,0.030000000000001137,0,,341,12,RB99,,Ke'Shawn Vaughn
15972,Jordan,Mason,RB,SFO,24,395,395,395,91,296.58,84.35,7.86,,,,0.7899999999999991,2.064,,306,11,RB84,,Jordan Mason
15275,Chris,Evans,RB,CIN,26,398,398,398,92,274.83,78.86,11.54,,,,0.2899999999999956,3.3120000000000003,3.3120000000000003,293,11,RB80,,Chris Evans
16432,Emanuel,Wilson,RB,GBP,24,404,404,404,95,354.75,111.94,11.22,,,,0.08000000000000185,0,,549,15,RB144,,Emanuel Wilson
14804,Anthony,McFarland,RB,PIT,24,406,406,406,96,352.17,107.06,13.77,,,,1.5599999999999987,0,,466,14,RB126,,Anthony McFarland
13868,Mike,Boone,RB,HOU,28,407,407,407,97,368.13,104.36,11.82,,,,0.07000000000000028,,,442,14,RB118,,Mike Boone
14815,DeeJay,Dallas,RB,SEA,25,408,408,408,98,328.66,94.98,7.78,,,,0.41000000000000014,0,,331,12,RB95,,DeeJay Dallas
16173,Eric,Gray,RB,NYG,24,409,409,409,99,313.14,89.86,8.16,,,,0.3200000000000003,2.9280000000000004,,320,12,RB90,,Eric Gray
15727,Zonovan,Knight,RB,FA,22,412,412,412,100,303.15,89.89,13.7,,,,0.21000000000000085,,,327,12,RB92,,Zonovan Knight
14811,Salvon,Ahmed,RB,MIA,25,413,413,413,101,310.37,89.94,10.17,,,,0.7899999999999991,0,,330,12,RB94,,Salvon Ahmed
13136,Corey,Clement,RB,FA,29,416,416,416,102,349.7,107.22,14.65,,,,0.010000000000001563,,,450,14,RB121,,Corey Clement
13148,Dare,Ogunbowale,RB,HOU,29,417,417,417,103,358.83,110.65,14.15,,,,0.00999999999999801,0,,508,14,RB135,,Dare Ogunbowale
11367,Kyle,Juszczyk,RB,SFO,32,418,418,418,104,343,96.75,12.05,,,,1.1899999999999977,,,421,13,RB111,,Kyle Juszczyk
14083,Travis,Homer,RB,CHI,25,421,421,421,105,366.9,109.59,12.32,,,,0.480000000000004,,,461,14,RB124,,Travis Homer
16170,Kenny,McIntosh,RB,SEA,23,423,423,423,107,335.09,98.35,11.16,,,,0.11999999999999744,,,388,13,RB105,,Kenny McIntosh
14086,Justice,Hill,RB,BAL,26,424,424,424,108,298.95,87.15,11.05,,,,0.0400000000000027,0,,366,13,RB102,,Justice Hill
15965,Julius,Chestnut,RB,TEN,23,425,425,425,109,350.79,102.41,8.91,,,,0.16999999999999815,0,,435,13,RB115,,Julius Chestnut
15719,Kevin,Harris,RB,FA,23,426,426,426,110,330,109.78,13.4,,,,0.3200000000000003,0,,440,14,RB117,,Kevin Harris
13814,Boston,Scott,RB,PHI,28,428,428,428,111,296.07,84.07,11.11,,,,0.7800000000000011,2.8560000000000003,,303,11,RB83,,Boston Scott
10932,Brandon,Bolden,RB,LVR,33,429,429,429,112,368.75,107.3,11.89,,,,0.46999999999999886,0,,444,14,RB119,,Brandon Bolden
15462,Gary,Brightwell,RB,NYG,24,432,432,432,113,382.6,115,10.18,,,,0.020000000000003126,0,,468,14,RB127,,Gary Brightwell
15746,Tyrion,Davis-Price,RB,SFO,23,433,433,433,114,313.76,90.25,9.44,,,,2.3499999999999943,,,317,12,RB87,,Tyrion Davis-Price
14331,D'Ernest,Johnson,RB,JAC,27,439,439,439,115,291.52,84.5,12.73,,,,1.1600000000000037,,,312,11,RB86,,D'Ernest Johnson
14420,Alec,Ingold,RB,MIA,27,445,445,445,117,373.25,110.29,11.98,,,,0.370000000000001,,,455,14,RB122,,Alec Ingold
14095,Ty,Johnson,RB,FA,26,448,448,448,119,331.2,109.53,13.85,,,,0.23999999999999844,,,501,14,RB132,,Ty Johnson
15414,Kene,Nwangwu,RB,MIN,25,449,449,449,120,337.9,97.11,9.11,,,,0.030000000000001137,1.9200000000000004,,391,13,RB106,,Kene Nwangwu
16168,Israel,Abanikanda,RB,NYJ,21,450,450,450,121,284.06,81.47,11.44,,,,1.459999999999999,2.8320000000000003,,297,11,RB82,,Israel Abanikanda
16179,DeWayne,McBride,RB,FA,22,451,451,451,122,296.05,88.97,14.95,,,,0.1399999999999988,,,318,12,RB88,,DeWayne McBride
12923,C.J.,Ham,RB,MIN,30,452,452,452,123,370,120.5,12.52,,,,1.370000000000001,,,527,15,RB138,,C.J. Ham
15738,Malik,Davis,RB,FA,25,457,457,457,124,302.05,94.01,14.74,,,,0.16999999999999993,3.1920000000000006,,335,12,RB96,,Malik Davis
16391,Hunter,Luepke,RB,DAL,23,458,458,458,125,343.5,112,13.52,,,,0.6899999999999995,,,533,15,RB142,,Hunter Luepke
16178,Keaton,Mitchell,RB,BAL,21,459,459,459,126,360,107.52,15.45,,,,0.05000000000000071,,,462,14,RB125,,Keaton Mitchell
16409,Elijah,Dotson,RB,LAC,24,464,464,464,130,387.29,113.67,12.75,,,,0.15000000000000036,3.7920000000000007,,493,14,RB131,,Elijah Dotson
13455,Patrick,Ricard,RB,BAL,29,472,472,472,134,324,119.87,17.25,,,,0.23000000000000043,,,529,15,RB139,,Patrick Ricard
15270,Demetric,Felton,RB,FA,25,473,473,473,135,376.75,116.38,11.5,,,,0.41999999999999993,,,517,14,RB137,,Demetric Felton
16380,Deneric,Prince,RB,FA,23,477,477,477,136,304.69,96.24,14.33,,,,0.27999999999999936,,,408,13,RB107,,Deneric Prince
15726,Ronnie,Rivers,RB,LAR,24,479,479,479,137,355.77,104.64,10.24,,,,0.13000000000000078,,,448,14,RB120,,Ronnie Rivers
15054,Giovanni,Ricci,RB,CAR,27,481,481,481,138,369,86.86,10.13,,,,0.1999999999999993,,,562,15,TE99,,Giovanni Ricci
15454,Avery,Williams,RB,ATL,25,486,486,486,140,,,,,,,0.16000000000000192,,,593,15,RB150,,Avery Williams
14359,Jakob,Johnson,RB,LVR,29,500,500,500,144,378.5,128.67,11.55,,,,0.13999999999999968,,,530,15,RB140,,Jakob Johnson
16387,Chris,Brooks,RB,MIA,23,502,502,502,146,401.6,112.61,13.03,,,,1.38,,,510,14,RB136,,Chris Brooks
12040,Keith,Smith,RB,ATL,31,511,511,511,149,,127.43,11.9,,,,1.4800000000000004,,,586,15,RB149,,Keith Smith
15960,Zander,Horvath,RB,FA,25,516,516,516,150,,135,9.9,,,,0.040000000000000036,,,581,15,RB147,,Zander Horvath
13838,Nick,Bawden,RB,NYJ,27,517,517,517,151,275.5,102,37.5,,,,1.77,,,532,15,RB141,,Nick Bawden
14836,Justin,Jefferson,WR,MIN,24,4,4,4,1,1.66,1.17,0.44,1.905,0.9081620633638763,2.0949999999999998,7.650000000000034,65.398,4.291485989724307,1,1,WR1,,Justin Jefferson
15281,Ja'Marr,Chase,WR,CIN,23,5,5,5,2,3.4,2.01,0.59,4.775,1.8654378395790447,0.22499999999999964,3.460000000000008,60.647000000000006,4.417318983274808,3,1,WR2,,Ja'Marr Chase
12801,Tyreek,Hill,WR,MIA,29,9,9,9,3,6.14,3.09,0.77,7.526666666666666,2.6279121412677062,1.4733333333333336,15.839999999999975,56.72,4.615473973493949,5,1,WR3,,Tyreek Hill
14832,CeeDee,Lamb,WR,DAL,24,15,15,15,4,12.8,6.15,1.46,15.238333333333333,3.71193757430746,-0.23833333333333329,6.039999999999992,44.3025,1.9436611716037375,12,2,WR5,,CeeDee Lamb
11675,Davante,Adams,WR,LVR,31,16,16,16,5,15.55,7.79,2.08,17.453333333333333,1.7564705772909748,-1.4533333333333331,0.2500000000000284,46.685500000000005,6.9057563488730205,17,2,WR9,,Davante Adams
13164,Cooper,Kupp,WR,LAR,30,17,17,17,6,22.24,10.96,5.95,15.52,5.778435774498147,1.4800000000000004,1.089999999999975,44.7325,8.28828503069242,13,2,WR6,,Cooper Kupp
12186,Stefon,Diggs,WR,BUF,30,18,18,18,7,9.99,4.77,1.32,12.226666666666667,2.863829991850462,5.773333333333333,14.000000000000028,50.375,5.457387195352739,10,2,WR4,,Stefon Diggs
15287,Amon-Ra,St. Brown,WR,DET,24,24,24,24,8,14.5,7.26,1.81,19.97,4.1485298600829665,4.030000000000001,2.780000000000001,41.67400000000001,2.3606583827398677,15,2,WR8,,Amon-Ra St. Brown
14104,A.J.,Brown,WR,PHI,26,25,25,25,9,14.08,6.8,1.81,14.778333333333334,2.183906413338773,10.221666666666666,8.069999999999993,42.9705,3.7307011070306917,14,2,WR7,,A.J. Brown
15284,Jaylen,Waddle,WR,MIA,25,31,31,31,10,21.57,11.05,1.61,25.87,4.2106610724049816,5.129999999999999,0.7700000000000102,33.939,1.5596804159827116,20,3,WR11,,Jaylen Waddle
15753,Garrett,Wilson,WR,NYJ,23,34,34,34,11,17.27,8.73,2.25,19.321666666666665,2.474452240171325,14.678333333333335,8.099999999999966,41.778000000000006,1.591342829185465,19,3,WR10,,Garrett Wilson
15754,Chris,Olave,WR,NOS,23,40,40,40,12,24.27,12.23,2.66,29.62,5.897194248114945,10.379999999999999,3.0600000000000023,31.6,1.4870104236352895,21,3,WR12,,Chris Olave
14835,Tee,Higgins,WR,CIN,24,41,41,41,13,29.5,14.39,2.35,34.21333333333333,5.011479045373952,6.786666666666669,1.3900000000000148,27.8555,2.246677713869973,26,3,WR14,,Tee Higgins
14102,DK,Metcalf,WR,SEA,26,43,43,43,14,34.37,16.25,3.05,37.61333333333333,6.696948724771768,5.38666666666667,2.680000000000007,27.169,5.314937723059417,33,4,WR15,,DK Metcalf
15282,DeVonta,Smith,WR,PHI,25,47,47,47,15,28.85,14.21,2.84,31.258333333333333,5.194719808506411,15.741666666666667,0.5699999999999932,28.306,0.6441024763187929,25,3,WR13,,DeVonta Smith
14136,Deebo,Samuel,WR,SFO,27,48,48,48,16,42.22,19.6,4.81,37.64333333333333,5.034390617432153,10.35666666666667,0.3100000000000023,22.607,6.0384225589138785,39,4,WR19,,Deebo Samuel
12175,Amari,Cooper,WR,CLE,29,49,49,49,17,37.51,17.6,3.18,40.695,5.318441971103943,8.305,0.6299999999999955,20.797500000000003,4.905641522777629,37,4,WR18,,Amari Cooper
13629,Calvin,Ridley,WR,JAC,29,50,50,50,18,34.57,16.38,4.11,34.33,4.538839793016125,15.670000000000002,0.9899999999999807,27.142000000000003,6.337688222057,34,4,WR16,,Calvin Ridley
15789,Christian,Watson,WR,GBP,24,51,51,51,19,49.65,22.86,4.61,54.36833333333333,11.00238976566253,-3.3683333333333323,1.920000000000016,13.708000000000002,4.52726760861339,46,5,WR21,,Christian Watson
11222,Keenan,Allen,WR,LAC,31,53,53,53,20,36.41,17.27,3.61,46.775,7.1878943370085775,6.225000000000001,7.420000000000016,22.4375,7.409792085477165,36,4,WR17,,Keenan Allen
13154,Mike,Williams,WR,LAC,29,65,65,65,22,58.06,26.7,5.23,65.58333333333333,11.858256851475073,-0.5833333333333286,0.07999999999998408,11.592,5.17375221671854,60,5,WR28,,Mike Williams
11671,Mike,Evans,WR,TBB,30,66,66,66,23,67.86,31.14,4.9,79.145,9.576260143361463,-13.144999999999996,2.740000000000009,11.281500000000001,7.995816828192102,68,6,WR31,,Mike Evans
14109,Terry,McLaurin,WR,WAS,28,68,68,68,24,58.3,26.9,5.01,60.355000000000004,11.021141426065332,7.644999999999996,1.1999999999999886,11.393,3.8064454547517173,57,5,WR26,,Terry McLaurin
11232,DeAndre,Hopkins,WR,TEN,31,69,69,69,25,51.49,23.65,4.86,59.00833333333333,4.239730402854512,9.991666666666667,0.2500000000000284,15.3955,4.804123307118585,49,5,WR22,,DeAndre Hopkins
13633,Christian,Kirk,WR,JAC,27,70,70,70,26,65.83,30.02,5.17,73.56166666666667,8.142879131827732,-3.5616666666666674,0.8199999999999932,9.267000000000001,5.362680952657915,63,5,WR30,,Christian Kirk
13163,Chris,Godwin,WR,TBB,27,73,73,73,27,57.25,26.45,4.25,77.61833333333334,14.15702936902921,-4.618333333333339,2.030000000000001,11.7195,5.005934553107941,56,5,WR25,,Chris Godwin
12187,Tyler,Lockett,WR,SEA,31,74,74,74,28,57.61,26.65,5.1,66.67333333333333,10.085325423053483,7.326666666666668,3.539999999999992,11.4375,4.3250339594042515,58,5,WR27,,Tyler Lockett
15751,Drake,London,WR,ATL,22,76,76,76,29,52.89,24.42,4.44,65.785,4.409481262008039,10.215000000000003,0.030000000000001137,9.9215,2.9984707352248754,51,5,WR23,,Drake London
14208,Diontae,Johnson,WR,PIT,27,77,77,77,30,59.23,27.14,5.07,83.00833333333333,12.055264986257619,-6.008333333333326,1.3100000000000023,11.4875,4.249608070163648,62,5,WR29,,Diontae Johnson
14833,Jerry,Jeudy,WR,DEN,24,78,78,78,31,77.76,35.04,7.5,75.625,10.723427235108499,2.375,0.47999999999998977,8.143,2.5184413830780343,78,6,WR35,,Jerry Jeudy
14840,Brandon,Aiyuk,WR,SFO,25,79,79,79,32,57.15,26.31,5.09,71.53999999999999,8.447325020383673,7.460000000000008,1.1500000000000057,10.484000000000002,4.4914060159375495,55,5,WR24,,Brandon Aiyuk
14105,Marquise,Brown,WR,ARI,26,82,82,82,33,74.99,34.01,5.61,97.02333333333334,8.680525457725599,-15.02333333333334,3.2299999999999898,5.2835,2.6006416035278686,74,6,WR33,,Marquise Brown
14842,Michael,Pittman,WR,IND,26,91,91,91,34,75.47,34.1,5.64,88.52166666666666,17.32185942354021,2.478333333333339,1.210000000000008,6.719,3.2091748160547446,76,6,WR34,,Michael Pittman
15755,Jahan,Dotson,WR,WAS,23,92,92,92,35,71.77,32.43,5.69,85.985,10.368003263245372,6.015000000000001,2.3200000000000216,6.621,3.145619652787031,73,6,WR32,,Jahan Dotson
15762,George,Pickens,WR,PIT,22,96,96,96,36,77.6,34.83,5.74,79.795,14.646680795775312,16.205,3.6299999999999955,8.617,4.027176057735743,80,6,WR36,,George Pickens
11674,Brandin,Cooks,WR,DAL,30,113,113,113,38,92.62,41.21,4.52,101.74166666666666,8.22577537716388,11.25833333333334,1.9300000000000068,5.8805000000000005,4.240077917916133,87,6,WR40,,Brandin Cooks
13630,Courtland,Sutton,WR,DEN,28,122,122,122,39,90.14,39.91,6.13,107.39166666666667,16.379254578751613,14.608333333333334,1.8799999999999955,5.886,4.517254475895729,86,6,WR39,,Courtland Sutton
16186,Jordan,Addison,WR,MIN,21,126,126,126,40,85.3,38.14,5.28,101.40666666666667,20.06697092792587,24.593333333333334,1.6899999999999977,7.220000000000001,4.480647274669142,83,6,WR37,,Jordan Addison
12652,Michael,Thomas,WR,NOS,30,130,130,130,41,106.85,46.92,6.18,106.23333333333333,8.367201178145267,23.766666666666666,0.10999999999998522,6.082000000000001,4.14340584543682,104,7,WR45,,Michael Thomas
13156,JuJu,Smith-Schuster,WR,NEP,27,132,132,132,42,109.2,47.49,6.21,119.27,15.278362695873751,12.730000000000004,1.370000000000033,4.1735,3.5565667082173507,106,7,WR46,,JuJu Smith-Schuster
15752,Treylon,Burks,WR,TEN,23,138,138,138,43,99.5,43.99,6.01,124.03666666666666,10.775388108503977,13.963333333333338,5.719999999999985,3.1025,2.1247632221026422,95,7,WR42,,Treylon Burks
16190,Zay,Flowers,WR,BAL,23,147,147,147,44,95.86,42.33,8.4,105.86333333333333,13.448006874213327,41.13666666666667,0.7099999999999937,5.4945,3.5503536091493766,96,7,WR43,,Zay Flowers
16185,Jaxon,Smith-Njigba,WR,SEA,21,149,149,149,45,92.51,40.99,6.41,102.97333333333333,11.692795027518253,46.02666666666667,2.3499999999999943,5.682,4.465531547307667,91,7,WR41,,Jaxon Smith-Njigba
14127,Jakobi,Meyers,WR,LVR,27,152,152,152,46,117.58,51.29,6.62,140.53,12.88427103098969,11.469999999999999,1.8300000000000125,2.5410000000000004,2.22851587384968,112,7,WR49,,Jakobi Meyers
15290,Nico,Collins,WR,HOU,24,155,155,155,47,121.18,52.4,7.32,133.50166666666667,10.102919407555198,21.498333333333335,1.75,2.0545000000000004,1.4252335773479383,116,7,WR51,,Nico Collins
13632,Allen,Lazard,WR,NYJ,28,160,160,160,49,126.56,54.68,7.85,133.14666666666668,8.548406609161468,26.853333333333325,0.4200000000000017,2.599,2.051341756022141,122,7,WR53,,Allen Lazard
12650,Tyler,Boyd,WR,CIN,29,163,163,163,50,136.26,58.6,5.94,146.98499999999999,15.681631239553276,16.015000000000015,0.8400000000000034,2.4335,2.2140972765441,134,8,WR56,,Tyler Boyd
15766,Skyy,Moore,WR,KCC,23,164,164,164,51,110.53,47.92,9.41,119.35333333333332,12.601245529267688,44.646666666666675,0.2600000000000051,4.461,1.9977294611633478,108,7,WR47,,Skyy Moore
13176,Zay,Jones,WR,JAC,28,166,166,166,53,136.46,58.85,7.84,143,16.213422834182794,23,2.989999999999995,2.1805000000000003,2.258698906450349,138,8,WR59,,Zay Jones
13646,Michael,Gallup,WR,DAL,27,170,170,170,54,148.66,63.23,7.68,160.07,23.26909022716617,9.930000000000007,0.4300000000000068,1.9960000000000002,1.338468776874032,145,8,WR61,,Michael Gallup
15283,Rondale,Moore,WR,ARI,23,171,171,171,55,150.88,63.82,8.87,154.465,3.335000000000008,16.534999999999997,0.20999999999999375,1.6626666666666667,0.8131999890692464,146,8,WR62,,Rondale Moore
14974,Darnell,Mooney,WR,CHI,26,172,172,172,56,137.57,59.26,7.34,156.825,16.169615796301404,15.175000000000011,0.8400000000000034,2.0345,1.4904532028883029,135,8,WR57,,Darnell Mooney
15779,Romeo,Doubs,WR,GBP,23,177,177,177,58,133.53,57.07,9.86,136.176,10.724309954491243,40.82400000000001,0.8700000000000188,2.5655,2.2376395487209284,128,8,WR54,,Romeo Doubs
11938,Adam,Thielen,WR,CAR,33,178,178,178,59,140.11,59.88,8.8,134.515,7.125636228903817,43.485000000000014,1.75,3.398,3.30658313066525,137,8,WR58,,Adam Thielen
12176,DeVante,Parker,WR,NEP,30,182,182,182,60,188.08,75.6,9.1,178.40499999999997,20.765,3.5950000000000273,0.20999999999999375,1.8120000000000003,1.8120000000000003,179,9,WR76,,DeVante Parker
13793,Marquez,Valdes-Scantling,WR,KCC,29,183,183,183,61,182.32,73.72,9.59,160.005,30.705,22.995000000000005,1.0400000000000063,1.7973333333333337,1.8795782032738688,171,9,WR72,,Marquez Valdes-Scantling
15289,Kadarius,Toney,WR,KCC,24,185,185,185,62,119.77,51.97,9.57,117.54666666666667,6.9149250819433234,67.45333333333333,0.9799999999999898,2.7,1.540714120140398,119,7,WR52,,Kadarius Toney
16197,Jonathan,Mingo,WR,CAR,22,186,186,186,63,165.8,68.42,12.32,159.48333333333335,20.643585498217664,26.51666666666665,1.0300000000000011,2.4773333333333336,2.8260150192256397,163,9,WR68,,Jonathan Mingo
16188,Quentin,Johnston,WR,LAC,22,188,188,188,64,116.59,50.51,8.34,124.92833333333333,10.307105019785567,63.07166666666667,0.030000000000001137,3.6045000000000003,3.708991877855761,113,7,WR50,,Quentin Johnston
14123,Hunter,Renfrow,WR,LVR,28,189,189,189,65,186.64,76.15,9.47,190.995,21.414999999999992,-1.9950000000000045,2.1099999999999994,2.1120000000000005,2.1120000000000005,186,9,WR79,,Hunter Renfrow
14858,Van,Jefferson,WR,LAR,27,192,192,192,66,162.64,67.26,11.33,159.875,13.405000000000001,32.125,0.30000000000001137,1.7793333333333337,1.6042612699377317,155,8,WR65,,Van Jefferson
13157,Curtis,Samuel,WR,WAS,27,193,193,193,67,173.34,71.24,9.01,181.895,16.125,11.10499999999999,0.5999999999999943,1.8926666666666667,1.643816967372652,166,9,WR70,,Curtis Samuel
14977,K.J.,Osborn,WR,MIN,26,200,200,200,69,167.52,69.01,8.35,163.75333333333333,9.592901310633582,36.24666666666667,2.2700000000000102,2.3426666666666667,1.6109834125637534,164,9,WR69,,K.J. Osborn
15288,Elijah,Moore,WR,CLE,23,202,202,202,70,102.63,45.2,6.41,125.00999999999999,12.072657812870649,76.99000000000001,1.3799999999999955,2.7475,1.633024418066062,99,7,WR44,,Elijah Moore
16184,Jayden,Reed,WR,GBP,23,204,204,204,71,178.15,72.98,12.63,164.61,25.540000000000006,39.389999999999986,1.480000000000004,2.1013333333333333,2.3011309296855655,170,9,WR71,,Jayden Reed
14857,Donovan,Peoples-Jones,WR,CLE,24,207,207,207,73,163.93,67.96,8.81,156.72666666666666,11.824157005422789,50.27333333333334,2.2900000000000063,1.4460000000000002,1.2492205569874362,153,8,WR64,,Donovan Peoples-Jones
13418,Kendrick,Bourne,WR,NEP,28,210,210,210,74,245.95,95.01,9.91,,,,1.0600000000000023,0.9960000000000001,0.9960000000000001,272,11,WR97,,Kendrick Bourne
15293,Rashod,Bateman,WR,BAL,24,211,211,211,75,112.08,48.98,7.5,130.32,19.269283847616133,80.68,1.2199999999999847,1.8415,1.895274848142084,111,7,WR48,,Rashod Bateman
11228,Robert,Woods,WR,HOU,31,214,214,214,76,206.46,81.89,10.47,176.33,,37.66999999999999,0.6200000000000188,2.3160000000000003,2.3160000000000003,189,9,WR80,,Robert Woods
15768,Alec,Pierce,WR,IND,23,216,216,216,77,172.03,70.54,8.07,178.73000000000002,8.36999999999999,37.26999999999998,0.8399999999999892,1.3893333333333335,1.3223064025490547,162,9,WR67,,Alec Pierce
14849,Isaiah,Hodgins,WR,NYG,25,218,218,218,78,177.53,72.55,9.62,170.12,15.155698598217107,47.879999999999995,1.8100000000000023,2.076,2.076,172,9,WR73,,Isaiah Hodgins
15756,Jameson,Williams,WR,DET,22,220,220,220,79,147.01,62.19,9.99,142.882,12.301307897943211,77.118,3.219999999999999,2.2175000000000002,1.9697509360322691,142,8,WR60,,Jameson Williams
16080,Rashid,Shaheed,WR,NOS,25,223,223,223,80,177.05,72.62,8.46,186.555,14.995000000000005,36.44499999999999,1.1799999999999926,2.4720000000000004,2.4720000000000004,174,9,WR74,,Rashid Shaheed
14122,Darius,Slayton,WR,NYG,26,227,227,227,82,190.29,76.44,7.98,183.53,19.590000000000003,43.47,0.20000000000000284,1.4613333333333334,1.419503512578332,178,9,WR75,,Darius Slayton
13289,Mack,Hollins,WR,ATL,30,229,229,229,83,240.81,94.11,8.79,,,,2.1899999999999977,1.8480000000000003,1.8480000000000003,268,11,WR96,,Mack Hollins
14841,Chase,Claypool,WR,CHI,25,236,236,236,84,207.99,82.68,8.52,191.07999999999998,12.480000000000006,44.920000000000016,2.410000000000011,2.2920000000000003,2.2920000000000003,196,9,WR82,,Chase Claypool
14112,Parris,Campbell,WR,NYG,26,255,255,255,88,199.46,79.46,8.7,175.95499999999998,6.704999999999998,79.04500000000002,0.9900000000000091,1.9320000000000004,1.9320000000000004,185,9,WR78,,Parris Campbell
15757,Wan'Dale,Robinson,WR,NYG,22,259,259,259,89,210.75,84.03,11.88,187.93,18.980000000000004,71.07,2.309999999999988,1.1160000000000003,1.1160000000000003,213,10,WR86,,Wan'Dale Robinson
16194,Rashee,Rice,WR,KCC,23,266,266,266,90,192.32,77.64,12.38,150.04,26.009265015887447,115.96000000000001,0.12000000000000455,2.9066666666666667,3.1726049584248943,181,9,WR77,,Rashee Rice
15301,Tutu,Atwell,WR,LAR,24,268,268,268,91,268.12,103.43,13.69,,,,5.77000000000001,0,,323,12,WR110,,Tutu Atwell
13168,Josh,Reynolds,WR,DET,28,282,282,282,92,246.7,95.1,7.78,,,,1.8699999999999903,1.2480000000000002,1.2480000000000002,262,11,WR94,,Josh Reynolds
13313,Isaiah,McKenzie,WR,IND,28,286,286,286,93,273.53,105.11,12.18,,,,0.21000000000000796,0,,302,11,WR104,,Isaiah McKenzie
16183,Jalin,Hyatt,WR,NYG,22,287,287,287,94,201.86,80.47,15.02,141.245,10.732102543304363,145.755,0.5099999999999909,2.265,2.7445719156181716,194,9,WR81,,Jalin Hyatt
16206,Michael,Wilson,WR,ARI,23,290,290,290,95,223.36,88.68,16.92,133.45,,156.55,0.3500000000000085,2.9280000000000004,2.9280000000000004,281,11,WR99,,Michael Wilson
15109,Nick,Westbrook-Ikhine,WR,TEN,26,292,292,292,96,285.91,108.49,8.66,,,,0.12000000000000455,0,,310,11,WR107,,Nick Westbrook-Ikhine
14108,Greg,Dortch,WR,ARI,25,296,296,296,97,275.58,106.66,10.75,,,,0.009999999999990905,1.2240000000000002,1.2240000000000002,324,12,WR111,,Greg Dortch
10308,Randall,Cobb,WR,NYJ,33,313,313,313,99,268.84,105.52,14.35,,,,1.1600000000000108,1.3920000000000001,1.3920000000000001,344,12,WR117,,Randall Cobb
12658,Sterling,Shepard,WR,NYG,30,319,319,319,100,252.74,97.7,13.25,,,,0.5799999999999983,0,,264,11,WR95,,Sterling Shepard
16199,Trey,Palmer,WR,TBB,22,322,322,322,101,257.87,103.27,14.63,138.13,,183.87,0.36999999999999744,2.5200000000000005,2.5200000000000005,342,12,WR116,,Trey Palmer
15308,Terrace,Marshall,WR,CAR,23,324,324,324,102,239.07,92.41,9.6,,,,2.3400000000000034,1.8840000000000003,1.8840000000000003,244,10,WR90,,Terrace Marshall
15034,Marquez,Callaway,WR,FA,25,337,337,337,103,313.38,128.84,26.41,,,,0.5599999999999952,,,404,13,WR136,,Marquez Callaway
16187,Josh,Downs,WR,IND,22,339,339,339,104,219.38,86.11,9.28,163.12,38.51,175.88,1.4699999999999989,3.2880000000000007,3.2880000000000007,225,10,WR88,,Josh Downs
15761,Khalil,Shakir,WR,BUF,23,349,349,349,105,254.47,98.38,11.8,,,,3,0,,276,11,WR98,,Khalil Shakir
15491,Ben,Skowronek,WR,LAR,26,365,365,365,106,309.4,118.66,11.84,,,,0.5399999999999991,1.032,1.032,361,12,WR122,,Ben Skowronek
14838,Laviska,Shenault,WR,CAR,25,367,367,367,107,274.86,106.5,15.64,,,,0.19000000000000483,0,,298,11,WR102,,Laviska Shenault
14558,Deonte,Harty,WR,BUF,26,374,374,374,109,264.98,103.41,16,,,,0.10000000000000142,0,,326,12,WR113,,Deonte Harty
13638,Braxton,Berrios,WR,MIA,28,376,376,376,110,273.37,105.15,9.51,,,,3.4099999999999966,0,,304,11,WR105,,Braxton Berrios
15787,Tyquan,Thornton,WR,NEP,23,389,389,389,111,236.31,93.12,12.38,,,,0.4000000000000057,,,259,11,WR92,,Tyquan Thornton
13172,Noah,Brown,WR,HOU,26,390,390,390,112,303.36,115.17,10.67,,,,0.269999999999996,0,,349,12,WR118,,Noah Brown
13066,Kalif,Raymond,WR,DET,29,391,391,391,113,294.24,116.42,14.77,,,,0.3500000000000014,1.0680000000000003,1.0680000000000003,371,13,WR125,,Kalif Raymond
14860,Jauan,Jennings,WR,SFO,26,392,392,392,114,290,113.45,12.79,,,,0.9999999999999929,0,,353,12,WR119,,Jauan Jennings
14992,Quez,Watkins,WR,PHI,25,400,400,400,116,277.95,105.58,8.65,,,,0.7100000000000009,0,,301,11,WR103,,Quez Watkins
13308,Jamal,Agnew,WR,JAC,28,401,401,401,117,321.58,126.48,14.84,,,,0.7899999999999991,0,,399,13,WR135,,Jamal Agnew
16211,Puka,Nacua,WR,LAR,22,403,403,403,118,228.78,90.37,18.61,145.54,,257.46000000000004,0.13000000000000256,2.2920000000000003,2.2920000000000003,284,11,WR100,,Puka Nacua
14592,Olamide,Zaccheaus,WR,PHI,26,405,405,405,119,313.95,123.04,13.09,,,,2.1799999999999997,0,,372,13,WR126,,Olamide Zaccheaus
15292,Dyami,Brown,WR,WAS,24,410,410,410,120,315.73,123.51,12.18,,,,0.20999999999999375,0,,392,13,WR132,,Dyami Brown
13893,Trent,Sherfield,WR,BUF,27,411,411,411,121,299.35,117.72,12.67,,,,0.38000000000000256,0,,356,12,WR120,,Trent Sherfield
13488,Zach,Pascal,WR,ARI,29,414,414,414,122,355,133.69,11.27,,,,0.2600000000000051,0,,423,13,WR142,,Zach Pascal
16193,Kayshon,Boutte,WR,NEP,21,415,415,415,123,287.02,109.04,10.09,,,,0.7399999999999949,1.4040000000000001,1.4040000000000001,316,12,WR109,,Kayshon Boutte
15977,Deven,Thompkins,WR,TBB,24,419,419,419,124,336.5,137.55,20.14,,,,0.740000000000002,0,,445,14,WR151,,Deven Thompkins
11239,Marquise,Goodwin,WR,CLE,33,420,420,420,125,374.31,141.97,11.44,,,,1.6000000000000014,,,454,14,WR154,,Marquise Goodwin
12785,Demarcus,Robinson,WR,LAR,29,427,427,427,126,333.77,127.36,11.73,,,,1.1300000000000026,0,,413,13,WR139,,Demarcus Robinson
12773,Chris,Moore,WR,TEN,30,430,430,430,127,313.88,123.34,12.11,,,,0.0799999999999983,,,397,13,WR134,,Chris Moore
16191,Cedric,Tillman,WR,CLE,23,431,431,431,128,258.15,101.52,12.47,118.93,,312.07,0.5,3.66,3.66,296,11,WR101,,Cedric Tillman
14551,Trenton,Irwin,WR,CIN,28,434,434,434,129,337,130.24,11.91,,,,0.4399999999999977,0,,420,13,WR141,,Trenton Irwin
16203,Charlie,Jones,WR,CIN,25,435,435,435,130,348.08,138.29,18.31,,,,0.6900000000000048,0,,457,14,WR155,,Charlie Jones
15901,Kyle,Philips,WR,TEN,24,436,436,436,131,302.29,114.08,10.47,,,,0.1699999999999946,0,,334,12,WR114,,Kyle Philips
13963,KhaDarel,Hodge,WR,ATL,28,437,437,437,132,337.53,141.14,22.97,,,,0.03999999999999915,0,,430,13,WR145,,KhaDarel Hodge
16198,Rakim,Jarrett,WR,TBB,22,438,438,438,133,358.57,144.67,18.2,,,,0.7100000000000009,0,,478,14,WR161,,Rakim Jarrett
16342,Demario,Douglas,WR,NEP,23,440,440,440,134,290.16,116.03,20.67,,,,0.26000000000000156,1.3920000000000001,1.3920000000000001,385,13,WR128,,Demario Douglas
15777,Calvin,Austin III,WR,PIT,24,441,441,441,135,294.5,117.69,17.36,,,,0.019999999999999574,0,,360,12,WR121,,Calvin Austin III
16195,Dontayvion,Wicks,WR,GBP,22,442,442,442,136,378.2,144.93,17.95,,,,0.16000000000000014,0,,465,14,WR158,,Dontayvion Wicks
15841,Samori,Toure,WR,GBP,25,446,446,446,138,359.47,136.07,12.13,,,,2.6599999999999966,,,427,13,WR143,,Samori Toure
13776,Justin,Watson,WR,KCC,28,453,453,453,139,331.4,123.84,12.88,,,,0.16000000000000014,0,,406,13,WR137,,Justin Watson
15763,Justyn,Ross,WR,KCC,24,456,456,456,142,247.45,97.76,17.86,174.78500000000003,23.424999999999997,281.215,2.120000000000001,3.7680000000000007,3.7680000000000007,305,11,WR106,,Justyn Ross
16201,Xavier,Hutchinson,WR,HOU,23,462,462,462,143,325.79,122.98,15.32,,,,0.509999999999998,,,386,13,WR129,,Xavier Hutchinson
12394,DeAndre,Carter,WR,LVR,30,468,468,468,145,332.87,140.44,21.61,,,,0.23999999999999844,0,,433,13,WR146,,DeAndre Carter
14847,Devin,Duvernay,WR,BAL,26,470,470,470,146,293.48,111.49,11.48,,,,0.129999999999999,1.044,1.044,314,12,WR108,,Devin Duvernay
16299,Derius,Davis,WR,LAC,23,474,474,474,148,359,160.2,16.03,,,,0.14999999999999858,,,498,14,WR168,,Derius Davis
13910,Brandon,Powell,WR,MIN,27,475,475,475,149,412.75,159.56,17.43,,,,0.03999999999999915,0,,492,14,WR166,,Brandon Powell
15788,Jalen,Tolbert,WR,DAL,24,476,476,476,150,319.39,121.67,11.23,,,,0.41999999999999815,0,,362,12,WR123,,Jalen Tolbert
13863,Byron,Pringle,WR,WAS,30,478,478,478,151,406,173,35.97,,,,0.12000000000000455,,,535,15,WR177,,Byron Pringle
15987,Brandon,Johnson,WR,DEN,25,480,480,480,152,364.55,143.57,21.87,,,,0.29999999999999716,0,,453,14,WR153,,Brandon Johnson
15758,David,Bell,WR,CLE,23,483,483,483,153,301.39,115.62,16.64,,,,0.08000000000000185,,,325,12,WR112,,David Bell
13637,Equanimeous,St. Brown,WR,CHI,27,484,484,484,154,346,147.35,17.21,,,,0.2699999999999996,0,,475,14,WR160,,Equanimeous St. Brown
16287,Tre,Tucker,WR,LVR,22,485,485,485,155,392.78,150.84,16.67,,,,0.25,,,463,14,WR156,,Tre Tucker
13862,River,Cracraft,WR,MIA,29,487,487,487,156,405.33,160.79,20.24,,,,0.10999999999999943,,,481,14,WR163,,River Cracraft
16423,Jason,Brownlee,WR,NYJ,24,488,488,488,157,356.4,144,16.75,,,,0.1700000000000017,0,,500,14,WR169,,Jason Brownlee
13645,Tre'Quan,Smith,WR,NOS,27,490,490,490,158,369.46,145.34,18.99,,,,0.21999999999999886,0,,438,14,WR149,,Tre'Quan Smith
16202,Ronnie,Bell,WR,SFO,23,492,492,492,160,,174.82,28.9,,,,0.1999999999999993,,,598,16,WR201,,Ronnie Bell
15786,Jalen,Nailor,WR,MIN,24,493,493,493,161,360.14,137.19,14.78,,,,0.10999999999999943,,,437,14,WR148,,Jalen Nailor
16192,Parker,Washington,WR,JAC,21,496,496,496,164,335.27,139.84,22.79,,,,1.1000000000000014,0,,443,14,WR150,,Parker Washington
16413,Malik,Heath,WR,GBP,23,499,499,499,165,435,166.27,14.28,,,,0.9699999999999989,0,,552,15,WR183,,Malik Heath
15780,Erik,Ezukanma,WR,MIA,23,504,504,504,167,375,152.63,20.75,,,,0.9499999999999993,0,,474,14,WR159,,Erik Ezukanma
12181,Nelson,Agholor,WR,BAL,30,505,505,505,168,306.11,115.08,9.91,,,,0.019999999999999574,0,,340,12,WR115,,Nelson Agholor
16196,A.T.,Perry,WR,NOS,24,506,506,506,169,316.02,122.24,24.71,,,,0.00999999999999801,4.416000000000001,,370,13,WR124,,A.T. Perry
13882,Keith,Kirkwood,WR,NOS,30,507,507,507,170,413.75,183,29.9,,,,0.010000000000001563,,,540,15,WR179,,Keith Kirkwood
12188,Phillip,Dorsett,WR,FA,30,512,512,512,172,418,194.45,34.2,,,,0.6400000000000006,0,,605,16,WR203,,Phillip Dorsett
13641,Ray-Ray,McCloud,WR,SFO,27,513,513,513,173,366,167.12,24.22,,,,0.14000000000000057,0,,531,15,WR176,,Ray-Ray McCloud
14315,Ashton,Dulin,WR,IND,26,514,514,514,174,,,,,,,0.25,,,514,14,WR172,,Ashton Dulin
12184,Jamison,Crowder,WR,FA,30,515,515,515,175,336.47,129.84,23.73,,,,0.41999999999999815,,,410,13,WR138,,Jamison Crowder
15941,Dareke,Young,WR,SEA,24,518,518,518,176,421.5,175.43,19.72,,,,0.14000000000000057,0,,559,15,WR185,,Dareke Young
15981,KaVontae,Turpin,WR,DAL,27,519,519,519,177,434,165.9,17.95,,,,0.759999999999998,0,,587,15,WR194,,KaVontae Turpin
14555,Gunner,Olszewski,WR,PIT,27,522,522,522,179,438.5,192.45,27.09,,,,1.1899999999999995,0,,589,15,WR196,,Gunner Olszewski
16349,Antoine,Green,WR,DET,24,525,525,525,182,,197.89,16.33,,,,0.47999999999999865,,,566,15,WR186,,Antoine Green
16205,Tyler,Scott,WR,CHI,22,527,527,527,184,327.39,126.46,18.43,,,,0.11000000000000121,,,381,13,WR127,,Tyler Scott
14839,Jalen,Reagor,WR,FA,24,528,528,528,185,382.75,182,41.87,,,,0.08999999999999986,,,528,15,WR175,,Jalen Reagor
15326,Dax,Milne,WR,WAS,24,529,529,529,186,425,170.23,8.17,,,,0.9599999999999991,,,588,15,WR195,,Dax Milne
16210,Justin,Shorter,WR,BUF,23,530,530,530,187,359.33,156.28,20.85,,,,0.15000000000000036,,,482,14,WR164,,Justin Shorter
15434,Ihmir,Smith-Marsette,WR,CAR,24,533,533,533,190,431.33,165.85,31.79,,,,0.05999999999999872,,,526,14,WR174,,Ihmir Smith-Marsette
16141,Josh,Ali,WR,ATL,24,534,534,534,191,,187.57,15.15,,,,1.7763568394002505e-15,,,608,16,WR206,,Josh Ali
14337,Jalen,Guyton,WR,LAC,26,535,535,535,192,325.67,161.33,22.19,,,,0.1999999999999993,,,485,14,WR165,,Jalen Guyton
16005,Tim,Jones,WR,JAC,25,537,537,537,195,443,174,12.13,,,,0.11999999999999922,,,603,16,WR202,,Tim Jones
14125,Miles,Boykin,WR,PIT,27,540,540,540,198,454.5,186.14,18.02,,,,0.129999999999999,,,606,16,WR204,,Miles Boykin
16333,Elijah,Higgins,WR,ARI,23,542,542,542,200,319.6,73,18.52,,,,0.05999999999999872,,,476,14,TE69,,Elijah Higgins
16207,Andrei,Iosivas,WR,CIN,24,544,544,544,203,341.56,144.56,19.36,,,,0.1200000000000001,,,464,14,WR157,,Andrei Iosivas
15782,Danny,Gray,WR,SFO,24,545,545,545,204,391.83,159.3,22.2,,,,0.2699999999999996,,,494,14,WR167,,Danny Gray
16364,Jalen,Brooks,WR,DAL,23,546,546,546,205,405.5,165.67,15.6,,,,0.1899999999999995,,,580,15,WR192,,Jalen Brooks
15285,Tylan,Wallace,WR,BAL,24,550,550,550,209,413.67,181.07,28.89,,,,0.25,,,575,15,WR189,,Tylan Wallace
16393,Jake,Bobo,WR,SEA,25,551,551,551,210,390,170.25,15.74,,,,0,,,546,15,WR181,,Jake Bobo
14101,N'Keal,Harry,WR,FA,26,553,553,553,212,335,172.63,27.05,,,,0.0600000000000005,,,545,15,WR180,,N'Keal Harry
13348,David,Moore,WR,FA,28,554,554,554,213,,163,11.38,,,,0.08000000000000007,,,536,15,WR178,,David Moore
15991,Tanner,Conner,WR,FA,25,559,559,559,218,361.33,153.33,19.8,,,,0,,,548,15,WR182,,Tanner Conner
16453,Elijah,Cooks,WR,JAC,25,559,559,559,218,378.5,197.33,24.95,,,,0,,,567,15,WR187,,Elijah Cooks
15528,Kristian,Wilkerson,WR,LVR,26,560,560,560,219,,210.38,33.5,,,,0,,,607,16,WR205,,Kristian Wilkerson
16037,Andre,Baccellia,WR,FA,26,560,560,560,219,,181.6,4.03,,,,0,,,592,15,WR198,,Andre Baccellia
15313,Racey,McMath,WR,FA,24,564,564,564,223,,193.75,32.39,,,,0.2699999999999996,,,591,15,WR197,,Racey McMath
14118,Lil'Jordan,Humphrey,WR,FA,25,565,565,565,224,,181.14,34.37,,,,0.020000000000000018,,,579,15,WR191,,Lil'Jordan Humphrey
12645,Laquon,Treadwell,WR,FA,28,566,566,566,225,,219.33,32.1,,,,0,,,597,15,WR200,,Laquon Treadwell
11244,Travis,Kelce,TE,KCC,34,2,2,2,1,9.25,1.02,0.14,7.455,1.9438085468138748,-5.455,67.49999999999997,55.618,6.973926584070128,6,1,TE1,,Travis Kelce
13671,Mark,Andrews,TE,BAL,28,23,23,23,2,30.79,2.13,0.46,33.81166666666667,4.257994115647518,-10.811666666666667,7.130000000000024,25.461,3.8255199646583993,29,4,TE2,,Mark Andrews
14138,T.J.,Hockenson,TE,MIN,26,27,27,27,3,54.48,3.64,1.11,49.255,5.761289641506782,-22.255000000000003,12.22999999999999,17.9575,1.8769439922384479,52,5,TE3,,T.J. Hockenson
12263,Darren,Waller,TE,NYG,31,37,37,37,4,58.3,4.15,1.31,55.12166666666667,3.629483051651051,-18.12166666666667,2.3100000000000023,15.228000000000002,5.33200825205663,59,5,TE4,,Darren Waller
13299,George,Kittle,TE,SFO,30,39,39,39,5,68.04,5.34,1.27,52.69,5.3337916469743485,-13.689999999999998,12.550000000000011,15.133000000000001,5.653327073502823,67,6,TE5,,George Kittle
15329,Kyle,Pitts,TE,ATL,23,55,55,55,6,76.04,6.37,1.6,66.45833333333333,7.617703977504564,-11.458333333333329,1.3799999999999955,9.5715,2.7611513450008505,77,6,TE7,,Kyle Pitts
13674,Dallas,Goedert,TE,PHI,28,57,57,57,7,75.04,6.12,1.26,65.40166666666667,5.314848435175634,-8.40166666666667,11.16000000000001,10.3725,3.4746321747776423,75,6,TE6,,Dallas Goedert
15331,Pat,Freiermuth,TE,PIT,25,71,71,71,8,99.3,8.64,1.37,92.45,13.013253500438186,-21.450000000000003,0.45999999999999375,4.886,2.029479736287111,98,7,TE9,,Pat Freiermuth
13189,Evan,Engram,TE,JAC,29,72,72,72,9,100.41,9.1,1.51,84.41666666666666,9.997102357961307,-12.416666666666657,7.6699999999999875,6.1165,3.250504076293399,97,7,TE8,,Evan Engram
13192,David,Njoku,TE,CLE,27,80,80,80,10,107.56,9.99,1.78,96.535,10.858435660812287,-16.534999999999997,1.0900000000000176,4.535,2.5938918635903088,105,7,TE10,,David Njoku
12678,Tyler,Higbee,TE,LAR,30,83,83,83,11,129.95,13.27,2.89,138.12333333333333,9.189139725180421,-55.123333333333335,0.23999999999999488,2.736,2.2952664333362263,124,8,TE12,,Tyler Higbee
13772,Dalton,Schultz,TE,HOU,27,84,84,84,12,128.08,13.26,3.02,123.30166666666668,9.675247484632575,-39.30166666666668,6.519999999999982,3.0075000000000003,2.6136887247719462,121,7,TE11,,Dalton Schultz
15889,Chigoziem,Okonkwo,TE,TEN,24,96,96,96,13,134.31,14.33,2.99,140.12833333333333,9.045636916338296,-44.12833333333333,0.4300000000000068,2.6950000000000003,2.537927303923421,126,8,TE13,,Chigoziem Okonkwo
15797,Greg,Dulcich,TE,DEN,23,98,98,98,14,151.94,17.34,4.13,140.55166666666668,19.484400099110623,-42.55166666666668,1.519999999999996,1.5625,1.4615124871173701,143,8,TE16,,Greg Dulcich
14867,Cole,Kmet,TE,CHI,24,99,99,99,15,146.45,16.45,3.36,134.765,9.778949756151391,-35.764999999999986,1.1500000000000057,2.4575,1.730727809333403,140,8,TE15,,Cole Kmet
13236,Gerald,Everett,TE,LAC,29,103,103,103,16,153.35,17.53,3.01,150.87,16.837907629314675,-47.870000000000005,1.3200000000000074,1.9520000000000004,1.4662305412178542,144,8,TE17,,Gerald Everett
16213,Dalton,Kincaid,TE,BUF,24,108,108,108,17,137.44,14.49,4.25,117.74333333333334,9.205443437927853,-9.74333333333334,2.700000000000003,4.222,3.4955817827652096,139,8,TE14,,Dalton Kincaid
14861,Juwan,Johnson,TE,NOS,27,119,119,119,18,155.04,17.54,3.81,131.338,5.555262010022574,-12.337999999999994,4.239999999999995,3.101,3.0290927684704543,149,8,TE18,,Juwan Johnson
16214,Sam,LaPorta,TE,DET,22,129,129,129,19,156.7,18.05,6.38,141.03,11.836458929933395,-12.030000000000001,2.8499999999999943,2.5980000000000003,2.9073238553694014,150,8,TE19,,Sam LaPorta
12676,Hunter,Henry,TE,NEP,29,141,141,141,20,200.94,24.05,4.44,163.35333333333332,24.964985257133414,-22.353333333333325,0.8299999999999983,1.3900000000000001,1.2248673397556162,176,9,TE21,,Hunter Henry
14141,Irv,Smith Jr.,TE,CIN,25,143,143,143,21,188.29,22.85,4.39,157.7625,20.32066974166944,-14.762499999999989,0.09000000000000341,1.6195000000000004,1.5843991763441438,168,9,TE20,,Irv Smith Jr.
14137,Noah,Fant,TE,SEA,26,144,144,144,22,229.68,28.02,3.81,169.12,,-25.120000000000005,4.239999999999995,1.4880000000000002,1.4880000000000002,216,10,TE29,,Noah Fant
15802,Cade,Otton,TE,TBB,24,148,148,148,23,247.81,30.56,4.49,,,,0.17000000000001592,1.1880000000000002,1.1880000000000002,242,10,TE32,,Cade Otton
13680,Hayden,Hurst,TE,CAR,30,150,150,150,24,202.65,24.61,4.5,163.27666666666667,28.9846560940248,-13.27666666666667,1.039999999999992,1.5106666666666668,1.4308834877639605,184,9,TE22,,Hayden Hurst
13675,Tyler,Conklin,TE,NYJ,28,151,151,151,25,230.57,28.83,6,162.92,,-11.919999999999987,1.289999999999992,1.7280000000000002,1.7280000000000002,265,11,TE35,,Tyler Conklin
14143,Dawson,Knox,TE,BUF,27,153,153,153,26,205.64,25.16,5.33,135.13666666666666,9.175701002587695,17.863333333333344,2.3000000000000114,1.910666666666667,1.9759793071341165,190,9,TE23,,Dawson Knox
11247,Zach,Ertz,TE,ARI,33,156,156,156,27,241.87,30.6,6.34,178.075,21.765,-22.07499999999999,0.5799999999999983,2.2753333333333337,2.3411884921030084,232,10,TE31,,Zach Ertz
15799,Jake,Ferguson,TE,DAL,24,157,157,157,28,194.03,23.68,7.16,161.055,20.514216412039726,-4.055000000000007,1.2099999999999937,1.9450000000000003,1.994761890552354,210,10,TE26,,Jake Ferguson
13672,Mike,Gesicki,TE,NEP,28,162,162,162,29,215.67,26.72,5.22,189.59,,-27.590000000000003,2.6400000000000006,1.3026666666666669,1.1552838996925774,204,10,TE25,,Mike Gesicki
11647,Logan,Thomas,TE,WAS,32,167,167,167,30,262.36,33.47,5.29,,,,0.18000000000000682,1.3920000000000001,1.3920000000000001,287,11,TE36,,Logan Thomas
16215,Luke,Musgrave,TE,GBP,23,168,168,168,31,196.82,23.59,6.27,151.2475,18.436338268484874,16.752499999999998,3.75,2.334,2.638466979137697,211,10,TE27,,Luke Musgrave
16212,Michael,Mayer,TE,LVR,22,176,176,176,32,235.58,28.96,4.85,160.845,37.025000000000006,15.155000000000001,1.8100000000000023,3.2520000000000002,3.2520000000000002,227,10,TE30,,Michael Mayer
15794,Trey,McBride,TE,ARI,24,180,180,180,33,217.99,27.25,5.77,,,,10.29,1.1880000000000002,1.1880000000000002,199,10,TE24,,Trey McBride
12677,Austin,Hooper,TE,LVR,29,201,201,201,34,292.36,37.56,4.02,,,,1.3799999999999883,1.7640000000000002,1.7640000000000002,313,12,TE37,,Austin Hooper
15840,Jelani,Woods,TE,IND,25,203,203,203,35,269.74,34.27,6.18,,,,2.1500000000000057,1.7640000000000002,1.7640000000000002,260,11,TE34,,Jelani Woods
15798,Isaiah,Likely,TE,BAL,23,208,208,208,36,263.24,32.88,4.71,206.75,,1.25,8.280000000000001,1.5000000000000002,1.5000000000000002,256,11,TE33,,Isaiah Likely
13676,Durham,Smythe,TE,MIA,28,221,221,221,37,308.31,41.49,6.34,,,,3.6400000000000006,0.9480000000000002,0.9480000000000002,358,12,TE46,,Durham Smythe
16221,Luke,Schoonmaker,TE,DAL,25,226,226,226,38,318.26,41.84,6.38,136.88,,89.12,0.10999999999999943,2.7960000000000007,2.7960000000000007,339,12,TE40,,Luke Schoonmaker
15337,Noah,Gray,TE,KCC,24,228,228,228,39,316.06,42.26,5.43,,,,0.6899999999999977,1.0560000000000003,1.0560000000000003,355,12,TE44,,Noah Gray
15419,Kylen,Granson,TE,IND,25,230,230,230,40,327.41,47.2,8.06,,,,0.30000000000000426,,,394,13,TE53,,Kylen Granson
14870,Adam,Trautman,TE,DEN,26,232,232,232,41,297.14,38.89,6.46,,,,0.44999999999999574,2.016,,333,12,TE39,,Adam Trautman
12317,C.J.,Uzomah,TE,NYJ,30,238,238,238,43,344.66,50.13,6.62,,,,0.259999999999998,0,,384,13,TE52,,C.J. Uzomah
13763,Will,Dissly,TE,SEA,27,239,239,239,44,326.22,44.56,6.67,,,,0.8700000000000045,0,,367,13,TE48,,Will Dissly
14239,Foster,Moreau,TE,NOS,26,242,242,242,45,323.85,45.12,6.14,,,,0.21999999999999886,0,,354,12,TE43,,Foster Moreau
15626,Brock,Wright,TE,DET,25,243,243,243,46,353.42,54.48,5.73,,,,0.4200000000000017,0,,416,13,TE57,,Brock Wright
13427,Robert,Tonyan,TE,CHI,29,244,244,244,47,326.44,44.38,6.55,,,,0.3500000000000014,,,345,12,TE41,,Robert Tonyan
13193,Jonnu,Smith,TE,ATL,28,245,245,245,48,329.9,44.36,5.05,,,,1.0799999999999983,0,,347,12,TE42,,Jonnu Smith
16269,Brenton,Strange,TE,JAC,23,248,248,248,49,353.17,60.93,11.93,,,,0.5999999999999943,0,,447,14,TE61,,Brenton Strange
13246,Mo,Alie-Cox,TE,IND,30,249,249,249,50,340.71,50.13,6.46,,,,1.8800000000000097,,,396,13,TE54,,Mo Alie-Cox
13753,Jordan,Akins,TE,CLE,31,254,254,254,51,329.5,53.53,8.86,,,,0.9699999999999918,,,425,13,TE58,,Jordan Akins
14876,Josiah,Deguara,TE,GBP,26,258,258,258,52,366.8,68.95,8.99,,,,1.0500000000000007,,,487,14,TE70,,Josiah Deguara
13424,Taysom,Hill,TE,NOS,33,261,261,261,54,221.69,27.29,7.21,153.96,26.910102935514757,107.03999999999999,0.18999999999999773,1.6053333333333335,1.615608313367514,215,10,TE28,,Taysom Hill
14875,Harrison,Bryant,TE,CLE,25,262,262,262,55,347.14,52.62,7.8,,,,0.45000000000000284,0,,402,13,TE56,,Harrison Bryant
14209,Josh,Oliver,TE,MIN,26,263,263,263,56,353.42,59.73,8.48,,,,0.6099999999999994,0,,452,14,TE64,,Josh Oliver
14871,Colby,Parkinson,TE,SEA,24,267,267,267,57,365.78,57.55,7.39,,,,0.2199999999999953,0,,426,13,TE59,,Colby Parkinson
16222,Tucker,Kraft,TE,GBP,23,269,269,269,58,332.73,47.66,10.13,,,,0.42000000000000526,3.6000000000000005,3.6000000000000005,380,13,TE51,,Tucker Kraft
15332,Tommy,Tremble,TE,CAR,23,271,271,271,59,333.33,60.34,8.9,,,,0.02999999999999403,,,456,14,TE65,,Tommy Tremble
13678,Ian,Thomas,TE,CAR,27,272,272,272,60,385.78,68.87,9.7,,,,0.44000000000000483,0,,467,14,TE66,,Ian Thomas
16216,Darnell,Washington,TE,PIT,22,274,274,274,61,332.65,46,6.49,,,,0.5399999999999991,6.672000000000001,,359,12,TE47,,Darnell Washington
15905,Teagan,Quitoriano,TE,HOU,23,275,275,275,62,364.33,68.41,11.67,,,,1.9299999999999997,0,,473,14,TE68,,Teagan Quitoriano
9925,Jimmy,Graham,TE,NOS,37,277,277,277,63,309.13,59.65,14.68,,,,0.11999999999999744,0,,451,14,TE63,,Jimmy Graham
15873,Daniel,Bellinger,TE,NYG,23,278,278,278,64,301.46,39.33,6.06,,,,0.3900000000000041,0,,315,12,TE38,,Daniel Bellinger
15330,Brevin,Jordan,TE,HOU,23,279,279,279,65,345.41,52.58,8.28,,,,0.22999999999999687,,,401,13,TE55,,Brevin Jordan
16312,Josh,Whyle,TE,TEN,24,283,283,283,67,417.14,75.32,9.23,,,,0.22000000000000242,,,518,14,TE82,,Josh Whyle
16333,Elijah,Higgins,TE,ARI,23,284,284,284,68,319.6,73,18.52,,,,0.10999999999999943,,,476,14,TE69,,Elijah Higgins
16219,Davis,Allen,TE,LAR,22,285,285,285,69,,106,13.55,,,,0.34999999999999787,,,554,15,TE94,,Davis Allen
16000,Peyton,Hendershot,TE,DAL,24,288,288,288,70,370.14,58.46,7.61,,,,0.22000000000000242,,,449,14,TE62,,Peyton Hendershot
12213,Blake,Bell,TE,KCC,32,289,289,289,71,,84.88,13.12,,,,0.3500000000000014,0,,574,15,TE104,,Blake Bell
14873,Albert,Okwuegbunam,TE,PHI,25,291,291,291,72,332.96,47.7,8.52,,,,0.16000000000000014,,,379,13,TE50,,Albert Okwuegbunam
15800,Connor,Heyward,TE,PIT,24,293,293,293,73,344,79.1,11.04,,,,0.00999999999999801,0,,520,14,TE84,,Connor Heyward
15334,Hunter,Long,TE,LAR,25,294,294,294,74,364.2,68.16,12.74,,,,0.0799999999999983,0,,522,14,TE85,,Hunter Long
15929,Ko,Kieft,TE,TBB,25,298,298,298,76,279.75,69.81,14.34,,,,0.08999999999999986,0,,491,14,TE72,,Ko Kieft
15344,John,Bates,TE,WAS,26,299,299,299,77,311.2,66.86,5.55,,,,0.5900000000000034,,,497,14,TE74,,John Bates
15795,Charlie,Kolar,TE,BAL,24,301,301,301,78,397.75,76.63,8.18,,,,0.370000000000001,,,525,14,TE87,,Charlie Kolar
15333,Tre',McKitty,TE,LAC,24,302,302,302,79,379.4,71.95,4.65,,,,0.21999999999999886,,,512,14,TE79,,Tre' McKitty
14868,Brycen,Hopkins,TE,LAR,26,303,303,303,80,369.8,74.13,10.47,,,,0.28999999999999915,,,504,14,TE76,,Brycen Hopkins
14231,Trevon,Wesco,TE,TEN,28,304,304,304,81,369.8,80.22,18.15,,,,0.05999999999999872,0,,507,14,TE78,,Trevon Wesco
15909,James,Mitchell,TE,DET,24,306,306,306,83,368.67,67.71,7.39,,,,0.5199999999999996,,,472,14,TE67,,James Mitchell
16218,Payne,Durham,TE,TBB,23,308,308,308,84,411,74.36,11.91,,,,0.4499999999999993,,,543,15,TE92,,Payne Durham
12212,Tyler,Kroft,TE,MIA,31,310,310,310,85,361.5,65.86,16.54,,,,0.32000000000000384,,,542,15,TE91,,Tyler Kroft
16220,Will,Mallory,TE,IND,24,312,312,312,86,388,84.62,15.21,,,,1.0599999999999952,,,556,15,TE96,,Will Mallory
15541,Jack,Stoll,TE,PHI,25,314,314,314,87,340.75,75.61,8.72,,,,0.120000000000001,,,490,14,TE71,,Jack Stoll
14146,Drew,Sample,TE,CIN,27,315,315,315,88,351,75.33,8.38,,,,0.20000000000000284,,,496,14,TE73,,Drew Sample
15796,Jeremy,Ruckert,TE,NYJ,23,316,316,316,89,373,65.11,15.6,,,,0.029999999999997584,,,441,14,TE60,,Jeremy Ruckert
13988,Ross,Dwelley,TE,SFO,28,317,317,317,90,404.33,82,8.37,,,,0.20000000000000284,,,539,15,TE89,,Ross Dwelley
15026,Stephen,Sullivan,TE,CAR,27,318,318,318,91,,110.2,4.35,,,,0.6499999999999986,,,573,15,TE103,,Stephen Sullivan
8269,Marcedes,Lewis,TE,CHI,39,320,320,320,92,386.67,100.4,10.51,,,,0.2900000000000009,,,524,14,TE86,,Marcedes Lewis
15563,Mitchell,Wilcox,TE,CIN,27,323,323,323,94,386.25,94.2,7.65,,,,0.5000000000000018,,,515,14,TE81,,Mitchell Wilcox
13940,Johnny,Mundt,TE,MIN,29,325,325,325,95,374,82.08,9.07,,,,0.16000000000000014,,,506,14,TE77,,Johnny Mundt
15341,Quintin,Morris,TE,BUF,24,327,327,327,96,404.33,79.75,10.54,,,,0.2099999999999973,,,541,15,TE90,,Quintin Morris
15803,Cole,Turner,TE,WAS,23,328,328,328,97,315.02,43.59,12.67,,,,0.11000000000000121,7.488000000000001,,357,12,TE45,,Cole Turner
12955,Chris,Manhertz,TE,DEN,31,331,331,331,99,424.33,85.18,3.21,,,,0.2500000000000018,,,555,15,TE95,,Chris Manhertz
15070,Jody,Fortson,TE,KCC,28,332,332,332,100,376.5,71.27,13.22,,,,0.08999999999999986,,,550,15,TE93,,Jody Fortson
15335,Luke,Farrell,TE,JAC,26,333,333,333,101,333.5,89,9.94,,,,0.22999999999999865,,,519,14,TE83,,Luke Farrell
15054,Giovanni,Ricci,TE,CAR,27,334,334,334,102,369,86.86,10.13,,,,0.13000000000000078,,,562,15,TE99,,Giovanni Ricci
14752,Jesper,Horsted,TE,LVR,26,336,336,336,104,396.33,88.8,12.43,,,,0.4299999999999997,,,576,15,TE105,,Jesper Horsted
16425,Julian,Hill,TE,MIA,23,341,341,341,107,362.5,85.67,10.89,,,,0.030000000000001137,,,561,15,TE98,,Julian Hill
16249,Zack,Kuntz,TE,FA,24,350,350,350,113,345.67,77,27.01,,,,0.48999999999999844,,,569,15,TE102,,Zack Kuntz
12309,MyCole,Pruitt,TE,ATL,31,351,351,351,114,407.67,86.82,11.49,,,,0.05000000000000249,,,584,15,TE106,,MyCole Pruitt
15604,Shane,Zylstra,TE,DET,27,352,352,352,115,388.5,80.8,10.98,,,,0.42999999999999794,,,565,15,TE100,,Shane Zylstra
15804,Grant,Calcaterra,TE,PHI,25,354,354,354,116,394.6,76.47,9.01,,,,0.5400000000000009,,,513,14,TE80,,Grant Calcaterra
14294,Tommy,Sweeney,TE,NYG,28,356,356,356,118,410,96.6,12.4,,,,0.08999999999999808,,,568,15,TE101,,Tommy Sweeney
14996,Tyler,Davis,TE,GBP,26,361,361,361,120,,,,,,,0.6999999999999993,,,483,14,K42,,Tyler Davis
16217,Cameron,Latu,TE,SFO,23,369,369,369,122,,,,,,,0.34999999999999964,,,502,14,TE75,,Cameron Latu
0518,Philadelphia,Eagles,DST,PHI,,89,89,89,1,174.59,3.39,2.07,106.1825,26.296089419341424,-17.182500000000005,0.10000000000000853,2.566666666666667,0.41899350299921784,191,9,DST3,,Philadelphia Eagles
0516,Dallas,Cowboys,DST,DAL,,90,90,90,2,169.82,2.63,1.93,112.82749999999999,22.978780836893844,-22.827499999999986,3.5999999999999943,2.4233333333333333,0.3007028803025043,188,9,DST2,,Dallas Cowboys
0504,New England,Patriots,DST,NEP,,96,96,96,3,187.63,6.67,3.75,134.78,17.809475006299312,-38.78,2.1000000000000085,1.47,0.46882832678924163,200,10,DST6,,New England Patriots
0510,Pittsburgh,Steelers,DST,PIT,,100,100,100,4,210.27,10.54,3.36,148.39,24.009308611453186,-48.389999999999986,0.19999999999998863,1.6833333333333333,0.28963578661637945,221,10,DST11,,Pittsburgh Steelers
0530,San Francisco,49ers,DST,SFO,,101,101,101,5,164.77,1.83,1.4,99.12,19.545490528508104,1.8799999999999955,1.1000000000000085,3.9633333333333334,0.051854497287013426,183,9,DST1,,San Francisco 49ers
0507,Cleveland,Browns,DST,CLE,,104,104,104,6,229.74,14.3,3.82,174.95499999999998,26.045,-70.95499999999998,0.3999999999999915,1,,236,10,DST14,,Cleveland Browns
0529,New Orleans,Saints,DST,NOS,,106,106,106,7,210.53,10.69,3.85,143.7025,23.169454433585617,-37.702499999999986,0.5,1.89,0.6051446108162907,217,10,DST9,,New Orleans Saints
0503,Miami,Dolphins,DST,MIA,,107,107,107,8,220.08,12.73,3.86,171.715,22.61500000000001,-64.715,1.2999999999999972,1.145,0.14500000000000002,226,10,DST12,,Miami Dolphins
0520,Washington,Commanders,DST,WAS,,109,109,109,9,228.84,14.2,4.17,167.435,16.14500000000001,-58.435,1.4210854715202004e-14,0.625,0.625,237,10,DST15,,Washington Commanders
0502,Indianapolis,Colts,DST,IND,,110,110,110,10,264.14,20.51,3.98,,,,0.20000000000000284,0,,266,11,DST20,,Indianapolis Colts
0501,Buffalo,Bills,DST,BUF,,111,111,111,11,178.67,4.88,2.35,125.3875,23.761371356678886,-14.387500000000003,0.09999999999999432,1.9866666666666666,0.0659966329107445,192,9,DST4,,Buffalo Bills
0512,Kansas City,Chiefs,DST,KCC,,112,112,112,12,210.27,11.08,3.36,155.71666666666667,22.928780071245743,-43.71666666666667,0.29999999999999716,0.535,0.535,218,10,DST10,,Kansas City Chiefs
0523,Green Bay,Packers,DST,GBP,,114,114,114,13,240.78,16.57,3.8,182.16500000000002,20.165000000000006,-68.16500000000002,0.20000000000000284,1,0,245,10,DST16,,Green Bay Packers
0514,Los Angeles,Chargers,DST,LAC,,115,115,115,14,238,17.02,3.76,166.5,,-51.5,0.5,0,,248,10,DST18,,Los Angeles Chargers
0522,Detroit,Lions,DST,DET,,117,117,117,15,293.39,23.36,3.71,161.79,,-44.78999999999999,0.29999999999998295,0,,292,11,DST26,,Detroit Lions
0532,Houston,Texans,DST,HOU,,120,120,120,16,303.26,28.27,3.28,157.69,,-37.69,1.4210854715202004e-14,0,,382,13,DST30,,Houston Texans
0505,New York,Jets,DST,NYJ,,121,121,121,17,186.62,6.1,2.86,126.11,29.830723535755325,-5.109999999999999,1.0999999999999943,1.4933333333333334,0.3503648891592243,197,10,DST5,,New York Jets
0515,Seattle,Seahawks,DST,SEA,,121,121,121,17,275.19,19.92,4.71,177.735,13.875,-56.735000000000014,0,0.75,0.75,279,11,DST22,,Seattle Seahawks
0524,Minnesota,Vikings,DST,MIN,,123,123,123,18,302.3,26.53,3.6,201.03,,-78.03,0.5,0,,307,11,DST27,,Minnesota Vikings
0531,Baltimore,Ravens,DST,BAL,,124,124,124,19,194.4,7.96,2.52,145.91,14.46554757576314,-21.909999999999997,0.7000000000000028,1.5,0.5,206,10,DST7,,Baltimore Ravens
0525,Tampa Bay,Buccaneers,DST,TBB,,125,125,125,20,236.17,17.65,4.66,,,,1.5,0,,246,10,DST17,,Tampa Bay Buccaneers
0509,Jacksonville,Jaguars,DST,JAC,,127,127,127,21,254.16,17.17,4.79,161.5,8.819999999999993,-34.5,0.20000000000000284,0.675,0.675,257,11,DST19,,Jacksonville Jaguars
0508,Tennessee,Titans,DST,TEN,,128,128,128,22,286.26,22.57,4.24,,,,0.29999999999999716,0,,288,11,DST25,,Tennessee Titans
0517,New York,Giants,DST,NYG,,131,131,131,23,287,23.03,3.36,,,,0.20000000000000284,0,,286,11,DST24,,New York Giants
0511,Denver,Broncos,DST,DEN,,134,134,134,24,201.87,10.18,4.72,156.66,27.12929413014647,-22.659999999999997,0.3999999999999915,0.7666666666666667,0.5436502143433364,212,10,DST8,,Denver Broncos
0506,Cincinnati,Bengals,DST,CIN,,135,135,135,25,223.49,14.65,4.44,176.85500000000002,18.075000000000003,-41.85500000000002,0.29999999999999716,0,,231,10,DST13,,Cincinnati Bengals
0527,Carolina,Panthers,DST,CAR,,136,136,136,26,277.3,21.64,3.61,,,,1.4210854715202004e-14,0,,274,11,DST21,,Carolina Panthers
0528,Los Angeles,Rams,DST,LAR,,137,137,137,27,274.99,23.89,4.29,,,,1.2999999999999972,0,,283,11,DST23,,Los Angeles Rams
0526,Atlanta,Falcons,DST,ATL,,139,139,139,28,308.4,27.1,3.95,,,,1.2999999999999972,0,,378,13,DST29,,Atlanta Falcons
0519,Arizona,Cardinals,DST,ARI,,142,142,142,29,310.82,28.56,3.49,,,,2.799999999999997,0,,352,12,DST28,,Arizona Cardinals
0521,Chicago,Bears,DST,CHI,,146,146,146,30,313.56,29.03,2.78,,,,4.299999999999997,0,,383,13,DST31,,Chicago Bears
0513,Las Vegas,Raiders,DST,LVR,,154,154,154,31,321.26,30.56,2.28,,,,0,0,,418,13,DST32,,Las Vegas Raiders
11678,Allen,Robinson,WR,PIT,30,251,251,251,86,215.85,85.54,9.29,208.75,,42.25,0.4899999999999949,2.4480000000000004,2.4480000000000004,220,10,WR87,0.05882352941176483,Allen Robinson
15716,Brian,Robinson,RB,WAS,24,97,97,97,36,93.32,34,4.53,90.795,22.946089536127932,6.204999999999998,2.3500000000000227,5.632000000000001,2.819885104042362,89,6,RB34,0.07407407407407418,Brian Robinson
13652,Cedrick,Wilson,WR,MIA,28,368,368,368,108,306.68,122.93,17.57,,,,1.0700000000000003,0,,387,13,WR130,0.07407407407407418,Cedrick Wilson
14341,Donald,Parham,TE,LAC,26,233,233,233,42,331.17,45.36,5.17,,,,1.0500000000000043,0,,368,13,TE49,0.07843137254901966,Donald Parham
14017,Jeffery,Wilson,RB,MIA,28,217,217,217,54,178.63,57.72,9.56,153.522,22.577769951879667,63.47800000000001,1.4099999999999966,1.7429999999999999,1.8570263864576615,158,9,RB53,0.16031746031746041,Jeffery Wilson
15759,John,Metchie,WR,HOU,23,252,252,252,87,210.87,83.45,10.42,202.88,,49.120000000000005,0.519999999999996,2.2760000000000002,2.2432904404022236,207,10,WR84,0.08333333333333337,John Metchie
15319,Josh,Palmer,WR,LAC,24,246,246,246,85,203.71,81.43,9.5,190.76,10.149999999999991,55.24000000000001,2.469999999999999,1.7760000000000002,1.7760000000000002,203,10,WR83,0.09673659673659674,Josh Palmer
10738,Marvin,Jones,WR,DET,33,225,225,225,81,241.91,93.9,8.09,181.37,,43.629999999999995,0.21999999999999886,1.4280000000000002,1.4280000000000002,261,11,WR93,0.08333333333333337,Marvin Jones
16189,Marvin,Mims,WR,DEN,21,198,198,198,68,159.38,65.99,16.68,146.5,16.453220049583003,51.5,0.539999999999992,2.0980000000000003,2.406992314071651,160,9,WR66,0.0888888888888889,Marvin Mims
14113,Mecole,Hardman,WR,NYJ,25,206,206,206,72,214.18,84.45,7.64,202.98,,3.0200000000000102,0.12999999999999545,1.0453333333333334,0.8726073318254643,209,10,WR85,0.07407407407407418,Mecole Hardman
12151,Melvin,Gordon,RB,FA,30,402,402,402,94,329.95,96.05,9.79,,,,0.8499999999999979,2.2320000000000007,,348,12,RB100,0.07843137254901966,Melvin Gordon
13115,Mitchell,Trubisky,QB,PIT,29,582,582,582,48,,54.33,5.58,,,,0.04600000000000293,,,601,16,QB68,0.05882352941176483,Mitchell Trubisky
11679,Odell,Beckham,WR,BAL,31,165,165,165,52,128.86,56.03,9.99,115.72833333333334,6.683109098482695,49.27166666666666,0.7700000000000102,3.825,2.628892352303533,130,8,WR55,0.07843137254901966,Odell Beckham
14817,Patrick,Taylor,RB,FA,25,489,489,489,141,,131.6,7.76,,,,1.1899999999999995,,,570,15,RB145,0.07407407407407418,Patrick Taylor
13724,Richie,James,WR,KCC,28,397,397,397,115,242.18,93.42,11.31,198.53,,198.47,0.7000000000000028,1.8693333333333335,1.9790942934135864,250,10,WR91,0.08333333333333337,Richie James
13606,Ronald,Jones,RB,DAL,26,399,399,399,93,309.14,88.17,8.25,,,,0.7800000000000047,0,,321,12,RB91,0.06666666666666676,Ronald Jones
14280,Scotty,Miller,WR,ATL,26,508,508,508,171,367.33,142.52,16.33,,,,0.370000000000001,,,436,14,WR147,0.02564102564102555,Scotty Miller
14613,Steven,Sims,WR,FA,26,520,520,520,178,,178.25,15.43,,,,0.9100000000000019,,,583,15,WR193,0.0888888888888889,Steven Sims
15253,Travis,Etienne,RB,JAC,24,29,29,29,13,33.2,13.18,3.03,29.996666666666666,3.1020512926484978,-0.9966666666666661,3.289999999999992,28.436500000000002,1.6763402846677649,32,4,RB13,0.07407407407407418,Travis Etienne
12261,Ty,Montgomery,RB,NEP,30,447,447,447,118,344.79,103.94,14.43,,,,0.45000000000000284,0,,422,13,RB112,0.0625,Ty Montgomery
15718,Tyler,Badie,RB,FA,23,422,422,422,106,,122.91,8.15,,,,0.379999999999999,,,198,10,K2,0.1575757575757576,Tyler Badie
15767,Velus,Jones,WR,CHI,26,494,494,494,162,374.38,144.48,16.21,,,,0.019999999999999574,,,428,13,WR144,0.0888888888888889,Velus Jones
16384,Tyson,Bagent,QB,CHI,23,601,601,601,67,,61.13,4.92,,,,0.469999999999998,,,,,,,Tyson Bagent
14069,Easton,Stick,QB,LAC,28,602,602,602,68,,67.31,7.97,,,,0.5360000000000014,,,,,,,Easton Stick
14065,Brett,Rypien,QB,FA,27,603,603,603,69,,83.2,8.28,,,,1.6239999999999997,,,,,,,Brett Rypien
13879,Kyle,Allen,QB,BUF,27,604,604,604,70,,57.56,5.99,,,,1.626000000000002,,,,,,,Kyle Allen
13595,Mason,Rudolph,QB,PIT,28,605,605,605,71,,76.89,4.23,,,,0.28999999999999915,,,,,,,Mason Rudolph
12621,Brandon,Allen,QB,SFO,31,606,606,606,72,,68.8,16.65,,,,0.35600000000000076,,,,,,,Brandon Allen
16154,Jaren,Hall,QB,MIN,25,609,609,609,75,,72.83,2.85,,,,0.8119999999999996,,,,,,,Jaren Hall
16167,Devon,Achane,RB,MIA,22,194,194,194,47,129.2,44.86,7.18,120.96833333333333,15.013381161113873,73.03166666666667,0.03999999999999204,3.265,2.1014935165258066,,,,,Devon Achane
15720,Hassan,Haskins,RB,TEN,24,384,384,384,87,,,,,,,0.4299999999999997,,,,,,,Hassan Haskins
14973,Jason,Huntley,RB,FA,25,444,444,444,116,,,,,,,0.6899999999999977,,,,,,,Jason Huntley
14319,Andrew,Beck,RB,HOU,27,460,460,460,127,406,101.75,13.5,,,,0.41000000000000014,,,,,,,Andrew Beck
15725,Snoop,Conner,RB,FA,24,461,461,461,128,,120.71,12.8,,,,0.5600000000000005,,,,,,,Snoop Conner
15046,Kirk,Merritt,RB,NOS,26,463,463,463,129,,207,30,,,,0.1999999999999993,,,,,,,Kirk Merritt
13617,Royce,Freeman,RB,FA,27,466,466,466,131,,132,12.12,,,,0.3000000000000007,,,,,,,Royce Freeman
15103,Reggie,Gilliam,RB,BUF,26,467,467,467,132,,127.13,9.7,,,,0.33999999999999986,,,,,,,Reggie Gilliam
13906,Jason,Cabinda,RB,DET,27,469,469,469,133,,,,,,,0.28999999999999915,,,,,,,Jason Cabinda
15953,Brittain,Brown,RB,LVR,26,482,482,482,139,,,,,,,0.6099999999999994,,,,,,,Brittain Brown
14011,Godwin,Igwebuike,RB,FA,29,497,497,497,142,,134.5,13.14,,,,0.7699999999999996,,,,,,,Godwin Igwebuike
15650,Adam,Prentice,RB,NOS,26,498,498,498,143,,126.2,17.9,,,,0.4800000000000004,,,,,,,Adam Prentice
12325,Michael,Burton,RB,DEN,31,501,501,501,145,,129.88,9.27,,,,0.2400000000000002,,,,,,,Michael Burton
10514,Nick,Bellore,RB,SEA,34,509,509,509,147,,,,,,,0.02999999999999936,,,,,,,Nick Bellore
14552,Khari,Blasingame,RB,CHI,27,510,510,510,148,,132.67,11.03,,,,0.08000000000000007,,,,,,,Khari Blasingame
15480,Jake,Funk,RB,FA,25,521,521,521,152,,,,,,,0,,,,,,,Jake Funk
13635,D.J.,Moore,WR,CHI,26,63,63,63,21,46.37,21.43,3.96,49.795,5.425952297369867,13.204999999999998,1.2299999999999898,15.473000000000003,5.051683580748108,,,,,D.J. Moore
14845,Gabriel,Davis,WR,BUF,24,105,105,105,37,85.96,38.27,5.46,97.43166666666667,8.043607019794596,7.568333333333328,2.359999999999985,5.1075,3.2955528747085827,,,,,Gabriel Davis
13809,Russell,Gage,WR,TBB,27,159,159,159,48,,,,,,,0.3599999999999852,,,,,,,Russell Gage
13668,D.J.,Chark,WR,CAR,27,175,175,175,57,152.32,64.08,7.83,161.6375,22.850392091821977,13.362500000000011,0.5199999999999818,2.8026666666666666,2.5493556484378996,,,,,D.J. Chark
16204,Nathaniel,Dell,WR,HOU,24,297,297,297,98,209.18,84.25,16.68,167.72,26.960000000000008,129.28,4.3799999999999955,2.8800000000000003,3.2614107377023216,,,,,Nathaniel Dell
15325,Cade,Johnson,WR,FA,25,443,443,443,137,,,,,,,1.5400000000000027,,,,,,,Cade Johnson
15297,Amari,Rodgers,WR,FA,24,454,454,454,140,,196.33,16.84,,,,0.10000000000000142,,,,,,,Amari Rodgers
15996,Jalen,Virgil,WR,DEN,25,455,455,455,141,,,,,,,0.46999999999999886,,,,,,,Jalen Virgil
15772,Britain,Covey,WR,FA,26,465,465,465,144,,248.2,5.64,,,,0.5200000000000031,,,,,,,Britain Covey
15306,Tre,Nixon,WR,NEP,25,471,471,471,147,,,,,,,0.3100000000000023,,,,,,,Tre Nixon
15302,D'Wayne,Eskridge,WR,SEA,26,491,491,491,159,322.33,157.57,9.98,,,,0.120000000000001,,,,,,,D'Wayne Eskridge
12814,Jakeem,Grant,WR,CLE,31,495,495,495,163,,,,,,,0.21999999999999886,,,,,,,Jakeem Grant
12930,Chosen,Anderson,WR,FA,30,503,503,503,166,323.48,121.15,16.03,,,,0.060000000000002274,,,,,,,Chosen Anderson
16066,Maurice,Alexander,WR,FA,26,523,523,523,180,,,,,,,0.3000000000000007,,,,,,,Maurice Alexander
14321,Cody,Thompson,WR,SEA,27,524,524,524,181,,218.71,19.87,,,,0.040000000000000924,,,,,,,Cody Thompson
13895,Cam,Sims,WR,FA,27,526,526,526,183,383.5,206.38,22.58,,,,0.08000000000000007,,,,,,,Cam Sims
15046,Kirk,Merritt,WR,NOS,26,531,531,531,188,,207,30,,,,0.10999999999999943,,,,,,,Kirk Merritt
10973,Cole,Beasley,WR,FA,34,532,532,532,189,,200.4,10.54,,,,0.07000000000000028,,,,,,,Cole Beasley
9200,Matt,Slater,WR,NEP,38,536,536,536,193,,235,15.31,,,,1.7763568394002505e-15,,,,,,,Matt Slater
15529,Easop,Winston,WR,FA,27,536,536,536,194,,,,,,,0.5499999999999989,,,,,,,Easop Winston
14998,Dezmon,Patmon,WR,FA,25,538,538,538,196,,,,,,,0.8600000000000012,,,,,,,Dezmon Patmon
15900,Montrell,Washington,WR,FA,25,539,539,539,197,410.5,167.6,21.3,,,,0.33000000000000007,,,,,,,Montrell Washington
13412,Keelan,Cole,WR,FA,30,541,541,541,199,,211.6,7.5,,,,0.08000000000000096,,,,,,,Keelan Cole
15785,Bo,Melton,WR,FA,24,543,543,543,201,,203,8.67,,,,8.881784197001252e-16,,,,,,,Bo Melton
15792,Michael,Woods,WR,CLE,23,543,543,543,202,,,,,,,0.20999999999999996,,,,,,,Michael Woods
14121,Andy,Isabella,WR,FA,27,547,547,547,206,,186.8,11.21,,,,0.3100000000000005,,,,,,,Andy Isabella
13864,Greg,Ward,WR,FA,28,548,548,548,207,,210.8,15.75,,,,0.2699999999999996,,,,,,,Greg Ward
15286,Seth,Williams,WR,FA,23,549,549,549,208,,,,,,,0.1900000000000004,,,,,,,Seth Williams
14131,Stanley,Morgan,WR,FA,26,551,551,551,210,,221.2,10.4,,,,0.17999999999999972,,,,,,,Stanley Morgan
15993,Lance,McCutcheon,WR,FA,24,552,552,552,211,,190.4,5,,,,0.2599999999999998,,,,,,,Lance McCutcheon
13316,Trent,Taylor,WR,CHI,29,555,555,555,214,,177.75,7.74,,,,0.1299999999999999,,,,,,,Trent Taylor
16354,Colton,Dowell,WR,TEN,24,556,556,556,215,,198.4,20.46,,,,0.009999999999999787,,,,,,,Colton Dowell
16250,Joseph,Ngata,WR,FA,22,557,557,557,216,,210.5,27.5,,,,0.33000000000000007,,,,,,,Joseph Ngata
12257,Chris,Conley,WR,FA,31,558,558,558,217,,188,16.01,,,,0.15000000000000036,,,,,,,Chris Conley
15324,Austin,Watkins,WR,FA,25,559,559,559,218,,132,55,,,,0.05999999999999961,,,,,,,Austin Watkins
15984,Irvin,Charles,WR,NYJ,26,559,559,559,218,,205.86,15.4,,,,0,,,,,,,Irvin Charles
16403,Mitchell,Tinsley,WR,WAS,24,559,559,559,218,,202.2,19.38,,,,0,,,,,,,Mitchell Tinsley
16416,Xavier,Gipson,WR,NYJ,22,559,559,559,218,,192.6,11.5,,,,0,,,,,,,Xavier Gipson
16456,Kearis,Jackson,WR,TEN,24,559,559,559,218,,186.4,19.51,,,,0,,,,,,,Kearis Jackson
14110,David,Sills,WR,NYG,27,560,560,560,219,,188.8,23.04,,,,0.40000000000000036,,,,,,,David Sills
14486,,,WR,,,560,560,560,219,,172,46.9,,,,0,,,,,,,NA NA
15041,Lawrence,Cager,WR,NYG,26,560,560,560,219,,156.33,12.5,,,,0,,,,,,,Lawrence Cager
15478,Mike,Strachan,WR,FA,26,560,560,560,219,,188.22,21.06,,,,0,,,,,,,Mike Strachan
15321,Jaelon,Darden,WR,FA,24,561,561,561,220,,222.4,13.4,,,,0.009999999999999787,,,,,,,Jaelon Darden
14850,Quintez,Cephus,WR,FA,25,562,562,562,221,,223.5,24.78,,,,0.040000000000000036,,,,,,,Quintez Cephus
12913,Alex,Erickson,WR,FA,31,563,563,563,222,,192,4.2,,,,0.4400000000000004,,,,,,,Alex Erickson
14355,David,Wells,TE,TBB,28,260,260,260,53,,98.25,1.64,,,,0.14000000000000412,,,,,,,David Wells
15041,Lawrence,Cager,TE,NYG,26,280,280,280,66,,156.33,12.5,,,,3.0599999999999987,,,,,,,Lawrence Cager
12378,Geoff,Swaim,TE,ARI,30,295,295,295,75,453,91.56,5.87,,,,0.08999999999999986,,,,,,,Geoff Swaim
14370,Tanner,Hudson,TE,FA,29,305,305,305,82,,102.4,5.16,,,,0.370000000000001,,,,,,,Tanner Hudson
16113,Stone,Smartt,TE,LAC,25,321,321,321,93,,103.8,10.65,,,,0.3899999999999988,,,,,,,Stone Smartt
15103,Reggie,Gilliam,TE,BUF,26,330,330,330,98,,127.13,9.7,,,,0.3899999999999988,,,,,,,Reggie Gilliam
15990,Armani,Rogers,TE,WAS,26,335,335,335,103,421,94,11.98,,,,0.4800000000000004,,,,,,,Armani Rogers
15925,John,FitzPatrick,TE,ATL,23,338,338,338,105,,105.25,1.09,,,,0.3000000000000007,,,,,,,John FitzPatrick
14142,Kaden,Smith,TE,WAS,26,340,340,340,106,,,,,,,0.14999999999999858,,,,,,,Kaden Smith
14319,Andrew,Beck,TE,HOU,27,342,342,342,108,406,101.75,13.5,,,,0.049999999999998934,,,,,,,Andrew Beck
16406,Curtis,Hodges,TE,WAS,24,343,343,343,109,,102.4,6.25,,,,0.21000000000000085,,,,,,,Curtis Hodges
16367,Brayden,Willis,TE,SFO,24,345,345,345,110,,100.4,8.94,,,,0.379999999999999,,,,,,,Brayden Willis
14984,Charlie,Woerner,TE,SFO,26,346,346,346,111,,93.67,14.45,,,,0.3600000000000012,,,,,,,Charlie Woerner
15916,Andrew,Ogletree,TE,IND,25,348,348,348,112,,105.2,17.03,,,,0.15000000000000036,,,,,,,Andrew Ogletree
14240,Zach,Gentry,TE,FA,27,355,355,355,117,,94.8,10.68,,,,0.08000000000000007,,,,,,,Zach Gentry
13994,Pharaoh,Brown,TE,NEP,29,358,358,358,119,,103.2,4.49,,,,0.4700000000000024,,,,,,,Pharaoh Brown
12680,Nick,Vannett,TE,FA,30,363,363,363,121,,,,,,,1,,,,,,,Nick Vannett
15620,Chris,Myarick,TE,NYG,28,370,370,370,123,,,,,,,0.27999999999999936,,,,,,,Chris Myarick
13391,Jacob,Hollister,TE,FA,30,371,371,371,124,,,,,,,0.4800000000000004,,,,,,,Jacob Hollister
15244,Feleipe,Franks,TE,ATL,26,377,377,377,125,,74.5,2.5,,,,0.20999999999999996,,,,,,,Feleipe Franks
15564,Parker,Hesse,TE,FA,28,379,379,379,126,,108.5,21.28,,,,0.13000000000000078,,,,,,,Parker Hesse
15339,Kenny,Yeboah,TE,NYJ,25,380,380,380,127,,111.33,6.02,,,,0.8899999999999997,,,,,,,Kenny Yeboah
14060,Tyree,Jackson,TE,FA,26,382,382,382,128,,,,,,,0.1900000000000004,,,,,,,Tyree Jackson
13396,,,TE,,,385,385,385,129,,,,,,,0.3999999999999999,,,,,,,NA NA
15801,Austin,Allen,TE,FA,25,385,385,385,129,,,,,,,0,,,,,,,Austin Allen
15937,Nick,Muse,TE,MIN,25,385,385,385,129,,108.33,3.77,,,,0,,,,,,,Nick Muse
15968,Gerrit,Prince,TE,FA,26,385,385,385,129,,,,,,,0,,,,,,,Gerrit Prince
14363,Kevin,Rader,TE,FA,28,386,386,386,130,,100,14.9,,,,0.16999999999999993,,,,,,,Kevin Rader
15097,Sean,McKeon,TE,FA,26,388,388,388,131,,115,4.32,,,,3.3,,,,,,,Sean McKeon
15455,,,TE,,,396,396,396,132,,,,,,,0,,,,,,,NA NA
