teamId,abbrev,name,logo,logoType,memberId
1,PEA,Georgia Peanuts,https://i.pinimg.com/originals/72/01/88/720188c2757327408f74322e2ef09019.jpg,CUSTOM_VALID,
2,HH,Middle Earth Hangry Hobbits,https://g.espncdn.com/lm-static/logo-packs/ffl/ShieldsOfGlory-LDopa/ShieldsOfGlory-10.svg,VECTOR,
3,SSen,The Super Seniors,https://g.espncdn.com/lm-static/logo-packs/ffl/AtTheStadium-RobbHarskamp/At_The_Stadium_08.svg,VECTOR,
4,SHAR,Southern Sharks,https://g.espncdn.com/lm-static/logo-packs/core/Mascots/mascots-6.svg,VECTOR,
5,GOAt,The G.O.A.T.,https://g.espncdn.com/lm-static/logo-packs/ffl/SmackTalk-LeoEspinosa/GOAT-08.svg,VECTOR,
7,!CC!,Captain Clairvoyant,https://g.espncdn.com/lm-static/logo-packs/core/StarsAndFlames/stars_flames-6.svg,VECTOR,
8,SASQ,Athens Team Sasquatch,https://g.espncdn.com/lm-static/logo-packs/core/StarWarsTheRiseOfSkywalker/rise-skywalker-chewy.svg,VECTOR,
10,PG,Pigskin on  the Gridiron,https://g.espncdn.com/lm-static/ffl/images/default_logos/6.svg,VECTOR,
12,JAH,Jumpin' Jaheims,https://i.redd.it/t0p9kw3ja9o11.jpg,CUSTOM_VALID,
13,HGCA,Henry's Gonna Cook...Again!,https://mystique-api.fantasy.espn.com/apis/v1/domains/lm/images/e233c510-88e4-11f0-8306-0b32d1884cc7,CUSTOM_UPLOAD,
